sequenceID	reference_seq_name	serotype	genotype	major_lineage	minor_lineage
MW945844	REF_DENV1II_MW945844	1	1II	1II	1II
JQ922547	REF_DENV1II_JQ922547	1	1II	1II	1II
MN018312	REF_DENV1I_J_MN018312	1	1I	1I_J	1I_J
MG840550	REF_DENV1I_J_MG840550	1	1I	1I_J	1I_J
MN018311	REF_DENV1I_J_MN018311	1	1I	1I_J	1I_J
MG840549	REF_DENV1I_J_MG840549	1	1I	1I_J	1I_J
MN018313	REF_DENV1I_J_MN018313	1	1I	1I_J	1I_J
GU131740	REF_DENV1I_G_GU131740	1	1I	1I_G	1I_G
GU131758	REF_DENV1I_G_GU131758	1	1I	1I_G	1I_G
GU131759	REF_DENV1I_G_GU131759	1	1I	1I_G	1I_G
GU131784	REF_DENV1I_G_GU131784	1	1I	1I_G	1I_G
EU677152	REF_DENV1I_G_EU677152	1	1I	1I_G	1I_G
MW946075	REF_DENV1I_F_MW946075	1	1I	1I_F	1I_F
KY586492	REF_DENV1I_F_KY586492	1	1I	1I_F	1I_F
KY586493	REF_DENV1I_F_KY586493	1	1I	1I_F	1I_F
KU509262	REF_DENV1I_F_KU509262	1	1I	1I_F	1I_F
KY586494	REF_DENV1I_F_KY586494	1	1I	1I_F	1I_F
JF937598	REF_DENV1I_D_JF937598	1	1I	1I_D	1I_D
FJ898424	REF_DENV1I_D_FJ898424	1	1I	1I_D	1I_D
FJ882520	REF_DENV1I_D_FJ882520	1	1I	1I_D	1I_D
FJ898429	REF_DENV1I_D_FJ898429	1	1I	1I_D	1I_D
GQ199843	REF_DENV1I_D_GQ199843	1	1I	1I_D	1I_D
GU131731	REF_DENV1I_C_GU131731	1	1I	1I_C	1I_C
GU131737	REF_DENV1I_C_GU131737	1	1I	1I_C	1I_C
GU131769	REF_DENV1I_C_GU131769	1	1I	1I_C	1I_C
JF937613	REF_DENV1I_C_JF937613	1	1I	1I_C	1I_C
GU131757	REF_DENV1I_C_GU131757	1	1I	1I_C	1I_C
KY586544	REF_DENV1I_A_KY586544	1	1I	1I_A	1I_A
KY586545	REF_DENV1I_A_KY586545	1	1I	1I_A	1I_A
MW945773	REF_DENV1I_A_MW945773	1	1I	1I_A	1I_A
KY586543	REF_DENV1I_A_KY586543	1	1I	1I_A	1I_A
MW945900	REF_DENV1I_A_MW945900	1	1I	1I_A	1I_A
MW945781	REF_DENV1I_B_MW945781	1	1I	1I_B	1I_B
MW945915	REF_DENV1I_B_MW945915	1	1I	1I_B	1I_B
MW945926	REF_DENV1I_B_MW945926	1	1I	1I_B	1I_B
MW945793	REF_DENV1I_B_MW945793	1	1I	1I_B	1I_B
JN638344	REF_DENV1I_B_JN638344	1	1I	1I_B	1I_B
FJ196841	REF_DENV1IV_C_FJ196841	1	1IV	1IV_C	1IV_C
FJ196842	REF_DENV1IV_C_FJ196842	1	1IV	1IV_C	1IV_C
KT827364	REF_DENV1IV_C_KT827364	1	1IV	1IV_C	1IV_C
JN205310	REF_DENV1IV_C_JN205310	1	1IV	1IV_C	1IV_C
KC762630	REF_DENV1IV_C_KC762630	1	1IV	1IV_C	1IV_C
MW265691	REF_DENV1IV_A_MW265691	1	1IV	1IV_A	1IV_A
MW265693	REF_DENV1IV_A_MW265693	1	1IV	1IV_A	1IV_A
MW265688	REF_DENV1IV_A_MW265688	1	1IV	1IV_A	1IV_A
MW265686	REF_DENV1IV_A_MW265686	1	1IV	1IV_A	1IV_A
JQ915080	REF_DENV1IV_A_JQ915080	1	1IV	1IV_A	1IV_A
OR025602	REF_DENV1V_E_OR025602	1	1V	1V_E	1V_E
EPI_ISL_17699800	REF_DENV1V_E_EPI_ISL_17699800	1	1V	1V_E	1V_E
OR025610	REF_DENV1V_E_OR025610	1	1V	1V_E	1V_E
EPI_ISL_17699796	REF_DENV1V_E_EPI_ISL_17699796	1	1V	1V_E	1V_E
ON632117	REF_DENV1V_E_ON632117	1	1V	1V_E	1V_E
ON632090	REF_DENV1V_F_ON632090	1	1V	1V_F	1V_F
EPI_ISL_14908815	REF_DENV1V_F_EPI_ISL_14908815	1	1V	1V_F	1V_F
OR025603	REF_DENV1V_F_OR025603	1	1V	1V_F	1V_F
EPI_ISL_17699801	REF_DENV1V_F_EPI_ISL_17699801	1	1V	1V_F	1V_F
OR025617	REF_DENV1V_F_OR025617	1	1V	1V_F	1V_F
GU131949	REF_DENV1V_G_GU131949	1	1V	1V_G	1V_G
GQ868565	REF_DENV1V_G_GQ868565	1	1V	1V_G	1V_G
OA08	REF_DENV1V_G_OA08	1	1V	1V_G	1V_G
OA10	REF_DENV1V_G_OA10	1	1V	1V_G	1V_G
GQ868563	REF_DENV1V_G_GQ868563	1	1V	1V_G	1V_G
GU131982	REF_DENV1V_C_GU131982	1	1V	1V_C	1V_C
GQ868531	REF_DENV1V_C_GQ868531	1	1V	1V_C	1V_C
KJ189330	REF_DENV1V_C_KJ189330	1	1V	1V_C	1V_C
GU131972	REF_DENV1V_C_GU131972	1	1V	1V_C	1V_C
GQ868506	REF_DENV1V_C_GQ868506	1	1V	1V_C	1V_C
MZ008439	REF_DENV1V_B_MZ008439	1	1V	1V_B	1V_B
MZ008443	REF_DENV1V_B_MZ008443	1	1V	1V_B	1V_B
MZ008448	REF_DENV1V_B_MZ008448	1	1V	1V_B	1V_B
KF973474	REF_DENV1V_B_KF973474	1	1V	1V_B	1V_B
KF973454	REF_DENV1V_B_KF973454	1	1V	1V_B	1V_B
ON426273	REF_DENV1V_A_ON426273	1	1V	1V_A	1V_A
EPI_ISL_14908770	REF_DENV1V_A_EPI_ISL_14908770	1	1V	1V_A	1V_A
ON632120	REF_DENV1V_A_ON632120	1	1V	1V_A	1V_A
EPI_ISL_14908798	REF_DENV1V_A_EPI_ISL_14908798	1	1V	1V_A	1V_A
OQ605987	REF_DENV1V_A_OQ605987	1	1V	1V_A	1V_A
MN886856	REF_DENV1III_A_MN886856	1	1III	1III_A	1III_A
KX459390	REF_DENV1III_A_KX459390	1	1III	1III_A	1III_A
KX225487	REF_DENV1III_A_KX225487	1	1III	1III_A	1III_A
MN886843	REF_DENV1III_A_MN886843	1	1III	1III_A	1III_A
KX225483	REF_DENV1III_A_KX225483	1	1III	1III_A	1III_A
MK858134	REF_DENV1III_B_MK858134	1	1III	1III_B	1III_B
MK791752	REF_DENV1III_B_MK791752	1	1III	1III_B	1III_B
MK858137	REF_DENV1III_B_MK858137	1	1III	1III_B	1III_B
MG721063	REF_DENV1III_B_MG721063	1	1III	1III_B	1III_B
MK858126	REF_DENV1III_B_MK858126	1	1III	1III_B	1III_B
MZ130534	REF_DENV1VI_A_MZ130534	1	1VI	1VI_A	1VI_A
MZ130539	REF_DENV1VI_A_MZ130539	1	1VI	1VI_A	1VI_A
MZ130540	REF_DENV1VI_A_MZ130540	1	1VI	1VI_A	1VI_A
MN577472	REF_DENV1VI_A_MN577472	1	1VI	1VI_A	1VI_A
MZ130538	REF_DENV1VI_A_MZ130538	1	1VI	1VI_A	1VI_A
OQ593393	REF_DENV1VI_B_OQ593393	1	1VI	1VI_B	1VI_B
OQ593390	REF_DENV1VI_B_OQ593390	1	1VI	1VI_B	1VI_B
OQ593389	REF_DENV1VI_B_OQ593389	1	1VI	1VI_B	1VI_B
OQ593391	REF_DENV1VI_B_OQ593391	1	1VI	1VI_B	1VI_B
OQ593392	REF_DENV1VI_B_OQ593392	1	1VI	1VI_B	1VI_B
MN923103	REF_DENV1I_K.1_MN923103	1	1I	1I_K	1I_K.1
ON908212	REF_DENV1I_K.1_ON908212	1	1I	1I_K	1I_K.1
MN444623	REF_DENV1I_K.1_MN444623	1	1I	1I_K	1I_K.1
MN923106	REF_DENV1I_K.1_MN923106	1	1I	1I_K	1I_K.1
OM281593	REF_DENV1I_K.1_OM281593	1	1I	1I_K	1I_K.1
MN018329	REF_DENV1I_K.2_MN018329	1	1I	1I_K	1I_K.2
MG840545	REF_DENV1I_K.2_MG840545	1	1I	1I_K	1I_K.2
MN018330	REF_DENV1I_K.2_MN018330	1	1I	1I_K	1I_K.2
MG840546	REF_DENV1I_K.2_MG840546	1	1I	1I_K	1I_K.2
MN018331	REF_DENV1I_K.2_MN018331	1	1I	1I_K	1I_K.2
KT827372	REF_DENV1I_K.3_KT827372	1	1I	1I_K	1I_K.3
MN886887	REF_DENV1I_K.3_MN886887	1	1I	1I_K	1I_K.3
MG560266	REF_DENV1I_K.3_MG560266	1	1I	1I_K	1I_K.3
MG560265	REF_DENV1I_K.3_MG560265	1	1I	1I_K	1I_K.3
MN886889	REF_DENV1I_K.3_MN886889	1	1I	1I_K	1I_K.3
MW793684	REF_DENV1I_H.1_MW793684	1	1I	1I_H	1I_H.1
MW793687	REF_DENV1I_H.1_MW793687	1	1I	1I_H	1I_H.1
MW793683	REF_DENV1I_H.1_MW793683	1	1I	1I_H	1I_H.1
MW793685	REF_DENV1I_H.1_MW793685	1	1I	1I_H	1I_H.1
MW793688	REF_DENV1I_H.1_MW793688	1	1I	1I_H	1I_H.1
GU131829	REF_DENV1I_H.2_GU131829	1	1I	1I_H	1I_H.2
FJ461307	REF_DENV1I_H.2_FJ461307	1	1I	1I_H	1I_H.2
GU131736	REF_DENV1I_H.2_GU131736	1	1I	1I_H	1I_H.2
GU131712	REF_DENV1I_H.2_GU131712	1	1I	1I_H	1I_H.2
GU131802	REF_DENV1I_H.2_GU131802	1	1I	1I_H	1I_H.2
OR029754	REF_DENV1I_E.1_OR029754	1	1I	1I_E	1I_E.1
OR029765	REF_DENV1I_E.1_OR029765	1	1I	1I_E	1I_E.1
OR029961	REF_DENV1I_E.1_OR029961	1	1I	1I_E	1I_E.1
OR029928	REF_DENV1I_E.1_OR029928	1	1I	1I_E	1I_E.1
OR029809	REF_DENV1I_E.1_OR029809	1	1I	1I_E	1I_E.1
MW315183	REF_DENV1I_E.2_MW315183	1	1I	1I_E	1I_E.2
MW315195	REF_DENV1I_E.2_MW315195	1	1I	1I_E	1I_E.2
MW315194	REF_DENV1I_E.2_MW315194	1	1I	1I_E	1I_E.2
MW315188	REF_DENV1I_E.2_MW315188	1	1I	1I_E	1I_E.2
MW265714	REF_DENV1I_E.2_MW265714	1	1I	1I_E	1I_E.2
MN923080	REF_DENV1IV_B.1_MN923080	1	1IV	1IV_B	1IV_B.1
ON881244	REF_DENV1IV_B.1_ON881244	1	1IV	1IV_B	1IV_B.1
ON907578	REF_DENV1IV_B.1_ON907578	1	1IV	1IV_B	1IV_B.1
ON908215	REF_DENV1IV_B.1_ON908215	1	1IV	1IV_B	1IV_B.1
OM281597	REF_DENV1IV_B.1_OM281597	1	1IV	1IV_B	1IV_B.1
MT832033	REF_DENV1IV_B.2_MT832033	1	1IV	1IV_B	1IV_B.2
MT832034	REF_DENV1IV_B.2_MT832034	1	1IV	1IV_B	1IV_B.2
MT832046	REF_DENV1IV_B.2_MT832046	1	1IV	1IV_B	1IV_B.2
MT832045	REF_DENV1IV_B.2_MT832045	1	1IV	1IV_B	1IV_B.2
MT832049	REF_DENV1IV_B.2_MT832049	1	1IV	1IV_B	1IV_B.2
OR025653	REF_DENV1V_D.1_OR025653	1	1V	1V_D	1V_D.1
EPI_ISL_17699753	REF_DENV1V_D.1_EPI_ISL_17699753	1	1V	1V_D	1V_D.1
OQ786036	REF_DENV1V_D.1_OQ786036	1	1V	1V_D	1V_D.1
EPI_ISL_17673530	REF_DENV1V_D.1_EPI_ISL_17673530	1	1V	1V_D	1V_D.1
OR025645	REF_DENV1V_D.1_OR025645	1	1V	1V_D	1V_D.1
OR025611	REF_DENV1V_D.2_OR025611	1	1V	1V_D	1V_D.2
EPI_ISL_17699804	REF_DENV1V_D.2_EPI_ISL_17699804	1	1V	1V_D	1V_D.2
OR025613	REF_DENV1V_D.2_OR025613	1	1V	1V_D	1V_D.2
EPI_ISL_17699806	REF_DENV1V_D.2_EPI_ISL_17699806	1	1V	1V_D	1V_D.2
OR025607	REF_DENV1V_D.2_OR025607	1	1V	1V_D	1V_D.2
KF744402	REF_DENV2IV_KF744402	2	2IV	2IV	2IV
KF744399	REF_DENV2IV_KF744399	2	2IV	2IV	2IV
KF744407	REF_DENV2IV_KF744407	2	2IV	2IV	2IV
KF744408	REF_DENV2IV_KF744408	2	2IV	2IV	2IV
KF744406	REF_DENV2IV_KF744406	2	2IV	2IV	2IV
HM582114	REF_DENV2I_HM582114	2	2I	2I	2I
HM582115	REF_DENV2I_HM582115	2	2I	2I	2I
HM582113	REF_DENV2I_HM582113	2	2I	2I	2I
HM582111	REF_DENV2I_HM582111	2	2I	2I	2I
HM582112	REF_DENV2I_HM582112	2	2I	2I	2I
EF105380	REF_DENV2VI_EF105380	2	2VI	2VI	2VI
EF105381	REF_DENV2VI_EF105381	2	2VI	2VI	2VI
EF105383	REF_DENV2VI_EF105383	2	2VI	2VI	2VI
EF105382	REF_DENV2VI_EF105382	2	2VI	2VI	2VI
EF105386	REF_DENV2VI_EF105386	2	2VI	2VI	2VI
KM190937	REF_DENV3V_KM190937	3	3V	3V	3V
KU050695	REF_DENV3V_KU050695	3	3V	3V	3V
JQ922554	REF_DENV3V_JQ922554	3	3V	3V	3V
JF262779	REF_DENV4IV_JF262779	4	4IV	4IV	4IV
AP011	REF_DENV4IV_AP011	4	4IV	4IV	4IV
JF262780	REF_DENV4IV_JF262780	4	4IV	4IV	4IV
MW945552	REF_DENV4IV_MW945552	4	4IV	4IV	4IV
AP009	REF_DENV4IV_AP009	4	4IV	4IV	4IV
MW945493	REF_DENV4III_MW945493	4	4III	4III	4III
KY586946	REF_DENV4III_KY586946	4	4III	4III	4III
KY586945	REF_DENV4III_KY586945	4	4III	4III	4III
MW945619	REF_DENV4III_MW945619	4	4III	4III	4III
KY586944	REF_DENV4III_KY586944	4	4III	4III	4III
MW946279	REF_DENV2V_C_MW946279	2	2V	2V_C	2V_C
KY586668	REF_DENV2V_C_KY586668	2	2V	2V_C	2V_C
MW946529	REF_DENV2V_C_MW946529	2	2V	2V_C	2V_C
MW946436	REF_DENV2V_C_MW946436	2	2V	2V_C	2V_C
MW946457	REF_DENV2V_C_MW946457	2	2V	2V_C	2V_C
KY586677	REF_DENV2V_D_KY586677	2	2V	2V_D	2V_D
KY586678	REF_DENV2V_D_KY586678	2	2V	2V_D	2V_D
KY586679	REF_DENV2V_D_KY586679	2	2V	2V_D	2V_D
MW946483	REF_DENV2V_D_MW946483	2	2V	2V_D	2V_D
MW946492	REF_DENV2V_D_MW946492	2	2V	2V_D	2V_D
MW946257	REF_DENV2V_B_MW946257	2	2V	2V_B	2V_B
KY586690	REF_DENV2V_B_KY586690	2	2V	2V_B	2V_B
MW946592	REF_DENV2V_B_MW946592	2	2V	2V_B	2V_B
KY586691	REF_DENV2V_B_KY586691	2	2V	2V_B	2V_B
KY586692	REF_DENV2V_B_KY586692	2	2V	2V_B	2V_B
FJ744719	REF_DENV2V_E_FJ744719	2	2V	2V_E	2V_E
FJ744720	REF_DENV2V_E_FJ744720	2	2V	2V_E	2V_E
FJ744723	REF_DENV2V_E_FJ744723	2	2V	2V_E	2V_E
FJ744722	REF_DENV2V_E_FJ744722	2	2V	2V_E	2V_E
FJ744721	REF_DENV2V_E_FJ744721	2	2V	2V_E	2V_E
EU482549	REF_DENV2III_B_EU482549	2	2III	2III_B	2III_B
EU482719	REF_DENV2III_B_EU482719	2	2III	2III_B	2III_B
EU596490	REF_DENV2III_B_EU596490	2	2III	2III_B	2III_B
EU482548	REF_DENV2III_B_EU482548	2	2III	2III_B	2III_B
EU596488	REF_DENV2III_B_EU596488	2	2III	2III_B	2III_B
ON231304	REF_DENV2II_B_ON231304	2	2II	2II_B	2II_B
ON231308	REF_DENV2II_B_ON231308	2	2II	2II_B	2II_B
ON231306	REF_DENV2II_B_ON231306	2	2II	2II_B	2II_B
ON231307	REF_DENV2II_B_ON231307	2	2II	2II_B	2II_B
MT981011	REF_DENV2II_B_MT981011	2	2II	2II_B	2II_B
MW946691	REF_DENV3I_B_MW946691	3	3I	3I_B	3I_B
FJ898456	REF_DENV3I_B_FJ898456	3	3I	3I_B	3I_B
JQ920476	REF_DENV3I_B_JQ920476	3	3I	3I_B	3I_B
JQ920477	REF_DENV3I_B_JQ920477	3	3I	3I_B	3I_B
JQ920478	REF_DENV3I_B_JQ920478	3	3I	3I_B	3I_B
MT921574	REF_DENV3I_C_MT921574	3	3I	3I_C	3I_C
MN018379	REF_DENV3I_C_MN018379	3	3I	3I_C	3I_C
MN018389	REF_DENV3I_C_MN018389	3	3I	3I_C	3I_C
MN922037	REF_DENV3I_C_MN922037	3	3I	3I_C	3I_C
MW720891	REF_DENV3I_C_MW720891	3	3I	3I_C	3I_C
MW946618	REF_DENV3II_B_MW946618	3	3II	3II_B	3II_B
MW946933	REF_DENV3II_B_MW946933	3	3II	3II_B	3II_B
MW946639	REF_DENV3II_B_MW946639	3	3II	3II_B	3II_B
MW946849	REF_DENV3II_B_MW946849	3	3II	3II_B	3II_B
MW946771	REF_DENV3II_B_MW946771	3	3II	3II_B	3II_B
OK469361	REF_DENV4II_B_OK469361	4	4II	4II_B	4II_B
OK469362	REF_DENV4II_B_OK469362	4	4II	4II_B	4II_B
OK605767	REF_DENV4II_B_OK605767	4	4II	4II_B	4II_B
KX812530	REF_DENV4II_B_KX812530	4	4II	4II_B	4II_B
OK469360	REF_DENV4II_B_OK469360	4	4II	4II_B	4II_B
OQ426776	REF_DENV2V_A.1_OQ426776	2	2V	2V_A	2V_A.1
OQ426824	REF_DENV2V_A.1_OQ426824	2	2V	2V_A	2V_A.1
OQ426780	REF_DENV2V_A.1_OQ426780	2	2V	2V_A	2V_A.1
OQ426836	REF_DENV2V_A.1_OQ426836	2	2V	2V_A	2V_A.1
OQ426834	REF_DENV2V_A.1_OQ426834	2	2V	2V_A	2V_A.1
OL414719	REF_DENV2V_A.2_OL414719	2	2V	2V_A	2V_A.2
OL414744	REF_DENV2V_A.2_OL414744	2	2V	2V_A	2V_A.2
OL414721	REF_DENV2V_A.2_OL414721	2	2V	2V_A	2V_A.2
OL414720	REF_DENV2V_A.2_OL414720	2	2V	2V_A	2V_A.2
OL414743	REF_DENV2V_A.2_OL414743	2	2V	2V_A	2V_A.2
MN448856	REF_DENV2V_A.3_MN448856	2	2V	2V_A	2V_A.3
MN448887	REF_DENV2V_A.3_MN448887	2	2V	2V_A	2V_A.3
MN448866	REF_DENV2V_A.3_MN448866	2	2V	2V_A	2V_A.3
MN448870	REF_DENV2V_A.3_MN448870	2	2V	2V_A	2V_A.3
MN448920	REF_DENV2V_A.3_MN448920	2	2V	2V_A	2V_A.3
MN448851	REF_DENV2V_A.4_MN448851	2	2V	2V_A	2V_A.4
MN448850	REF_DENV2V_A.4_MN448850	2	2V	2V_A	2V_A.4
MN448874	REF_DENV2V_A.4_MN448874	2	2V	2V_A	2V_A.4
MN448883	REF_DENV2V_A.4_MN448883	2	2V	2V_A	2V_A.4
MN448857	REF_DENV2V_A.4_MN448857	2	2V	2V_A	2V_A.4
ON634705	REF_DENV2III_C.1.1_ON634705	2	2III	2III_C	2III_C.1.1
ON634716	REF_DENV2III_C.1.1_ON634716	2	2III	2III_C	2III_C.1.1
ON634734	REF_DENV2III_C.1.1_ON634734	2	2III	2III_C	2III_C.1.1
ON634733	REF_DENV2III_C.1.1_ON634733	2	2III	2III_C	2III_C.1.1
ON634700	REF_DENV2III_C.1.1_ON634700	2	2III	2III_C	2III_C.1.1
Yale-DN00446	REF_DENV2III_C.1.2_Yale-DN00446	2	2III	2III_C	2III_C.1.2
US/DB328/2022	REF_DENV2III_C.1.2_US/DB328/2022	2	2III	2III_C	2III_C.1.2
Yale-DN00400	REF_DENV2III_C.1.2_Yale-DN00400	2	2III	2III_C	2III_C.1.2
Yale-DN00443	REF_DENV2III_C.1.2_Yale-DN00443	2	2III	2III_C	2III_C.1.2
Yale-DN00190	REF_DENV2III_C.1.2_Yale-DN00190	2	2III	2III_C	2III_C.1.2
Yale-DN00323	REF_DENV2III_C.1_Yale-DN00323	2	2III	2III_C	2III_C.1
Yale-DN00789	REF_DENV2III_C.2_Yale-DN00789	2	2III	2III_C	2III_C.2
US/DB337/2022	REF_DENV2III_C.2_US/DB337/2022	2	2III	2III_C	2III_C.2
US/DB331/2022	REF_DENV2III_C.2_US/DB331/2022	2	2III	2III_C	2III_C.2
Yale-DN00477	REF_DENV2III_C.2_Yale-DN00477	2	2III	2III_C	2III_C.2
Yale-DN00387	REF_DENV2III_C.2_Yale-DN00387	2	2III	2III_C	2III_C.2
EU660406	REF_DENV2III_D.1.1_EU660406	2	2III	2III_D	2III_D.1.1
EU569700	REF_DENV2III_D.1.1_EU569700	2	2III	2III_D	2III_D.1.1
EU596498	REF_DENV2III_D.1.1_EU596498	2	2III	2III_D	2III_D.1.1
EU569698	REF_DENV2III_D.1.1_EU569698	2	2III	2III_D	2III_D.1.1
KF955366	REF_DENV2III_D.1.1_KF955366	2	2III	2III_D	2III_D.1.1
OQ144239	REF_DENV2III_D.1.2_OQ144239	2	2III	2III_D	2III_D.1.2
OQ144252	REF_DENV2III_D.1.2_OQ144252	2	2III	2III_D	2III_D.1.2
OQ144223	REF_DENV2III_D.1.2_OQ144223	2	2III	2III_D	2III_D.1.2
OQ144231	REF_DENV2III_D.1.2_OQ144231	2	2III	2III_D	2III_D.1.2
OQ144244	REF_DENV2III_D.1.2_OQ144244	2	2III	2III_D	2III_D.1.2
EU482634	REF_DENV2III_D.1_EU482634	2	2III	2III_D	2III_D.1
EU482689	REF_DENV2III_D.1_EU482689	2	2III	2III_D	2III_D.1
EU482757	REF_DENV2III_D.1_EU482757	2	2III	2III_D	2III_D.1
EU482603	REF_DENV2III_D.1_EU482603	2	2III	2III_D	2III_D.1
EU482748	REF_DENV2III_D.1_EU482748	2	2III	2III_D	2III_D.1
FJ898435	REF_DENV2III_D.1.3_FJ898435	2	2III	2III_D	2III_D.1.3
EU482637	REF_DENV2III_D.1.3_EU482637	2	2III	2III_D	2III_D.1.3
EU482633	REF_DENV2III_D.1.3_EU482633	2	2III	2III_D	2III_D.1.3
EU482597	REF_DENV2III_D.1.3_EU482597	2	2III	2III_D	2III_D.1.3
EU482636	REF_DENV2III_D.1.3_EU482636	2	2III	2III_D	2III_D.1.3
MH069495	REF_DENV2III_D.2_MH069495	2	2III	2III_D	2III_D.2
MH069498	REF_DENV2III_D.2_MH069498	2	2III	2III_D	2III_D.2
MH069496	REF_DENV2III_D.2_MH069496	2	2III	2III_D	2III_D.2
MZ773408	REF_DENV2III_D.2_MZ773408	2	2III	2III_D	2III_D.2
Yale-DN00061	REF_DENV2III_D.2_Yale-DN00061	2	2III	2III_D	2III_D.2
KY474326	REF_DENV2III_D.3_KY474326	2	2III	2III_D	2III_D.3
KY474329	REF_DENV2III_D.3_KY474329	2	2III	2III_D	2III_D.3
KY474308	REF_DENV2III_D.3_KY474308	2	2III	2III_D	2III_D.3
MN462635	REF_DENV2III_D.3_MN462635	2	2III	2III_D	2III_D.3
KY474315	REF_DENV2III_D.3_KY474315	2	2III	2III_D	2III_D.3
FM210209	REF_DENV2III_A.1_FM210209	2	2III	2III_A	2III_A.1
EU482787	REF_DENV2III_A.1_EU482787	2	2III	2III_A	2III_A.1
FM210236	REF_DENV2III_A.1_FM210236.2	2	2III	2III_A	2III_A.1
MW945434	REF_DENV2III_A.1_MW945434	2	2III	2III_A	2III_A.1
FM210239	REF_DENV2III_A.1_FM210239.2	2	2III	2III_A	2III_A.1
EU482648	REF_DENV2III_A.2_EU482648	2	2III	2III_A	2III_A.2
EU482662	REF_DENV2III_A.2_EU482662	2	2III	2III_A	2III_A.2
EU482660	REF_DENV2III_A.2_EU482660	2	2III	2III_A	2III_A.2
EU482666	REF_DENV2III_A.2_EU482666	2	2III	2III_A	2III_A.2
EU482449	REF_DENV2III_A.2_EU482449	2	2III	2III_A	2III_A.2
MH110571	REF_DENV2II_F.1_MH110571	2	2II	2II_F	2II_F.1
OP684150	REF_DENV2II_F.1_OP684150	2	2II	2II_F	2II_F.1
OP684172	REF_DENV2II_F.1_OP684172	2	2II	2II_F	2II_F.1
OP684146	REF_DENV2II_F.1_OP684146	2	2II	2II_F	2II_F.1
OP684178	REF_DENV2II_F.1_OP684178	2	2II	2II_F	2II_F.1
OL414752	REF_DENV2II_F.1.1_OL414752	2	2II	2II_F	2II_F.1.1
OL414753	REF_DENV2II_F.1.1_OL414753	2	2II	2II_F	2II_F.1.1
OL414733	REF_DENV2II_F.1.1_OL414733	2	2II	2II_F	2II_F.1.1
OL414756	REF_DENV2II_F.1.1_OL414756	2	2II	2II_F	2II_F.1.1
OL414758	REF_DENV2II_F.1.1_OL414758	2	2II	2II_F	2II_F.1.1
ON634742	REF_DENV2II_F.1.2_ON634742	2	2II	2II_F	2II_F.1.2
ON634755	REF_DENV2II_F.1.2_ON634755	2	2II	2II_F	2II_F.1.2
ON634745	REF_DENV2II_F.1.2_ON634745	2	2II	2II_F	2II_F.1.2
ON634756	REF_DENV2II_F.1.2_ON634756	2	2II	2II_F	2II_F.1.2
ON634743	REF_DENV2II_F.1.2_ON634743	2	2II	2II_F	2II_F.1.2
MW730820	REF_DENV2II_F.2.1_MW730820	2	2II	2II_F	2II_F.2.1
MW730827	REF_DENV2II_F.2.1_MW730827	2	2II	2II_F	2II_F.2.1
MW730831	REF_DENV2II_F.2.1_MW730831	2	2II	2II_F	2II_F.2.1
MW730825	REF_DENV2II_F.2.1_MW730825	2	2II	2II_F	2II_F.2.1
MW730826	REF_DENV2II_F.2.1_MW730826	2	2II	2II_F	2II_F.2.1
ON908229	REF_DENV2II_F.2_ON908229	2	2II	2II_F	2II_F.2
ON890422	REF_DENV2II_F.2_ON890422	2	2II	2II_F	2II_F.2
OM368351	REF_DENV2II_F.2_OM368351	2	2II	2II_F	2II_F.2
MN923112	REF_DENV2II_F.2_MN923112	2	2II	2II_F	2II_F.2
MN018357	REF_DENV2II_F.2_MN018357	2	2II	2II_F	2II_F.2
KX380822	REF_DENV2II_F.2.2_KX380822	2	2II	2II_F	2II_F.2.2
KX380832	REF_DENV2II_F.2.2_KX380832	2	2II	2II_F	2II_F.2.2
KX380810	REF_DENV2II_F.2.2_KX380810	2	2II	2II_F	2II_F.2.2
KX380830	REF_DENV2II_F.2.2_KX380830	2	2II	2II_F	2II_F.2.2
KX380833	REF_DENV2II_F.2.2_KX380833	2	2II	2II_F	2II_F.2.2
KM279530	REF_DENV2II_E.1_KM279530	2	2II	2II_E	2II_E.1
KM279554	REF_DENV2II_E.1_KM279554	2	2II	2II_E	2II_E.1
KM279545	REF_DENV2II_E.1_KM279545	2	2II	2II_E	2II_E.1
KM279534	REF_DENV2II_E.1_KM279534	2	2II	2II_E	2II_E.1
KM279541	REF_DENV2II_E.1_KM279541	2	2II	2II_E	2II_E.1
MT921571	REF_DENV2II_E.2_MT921571	2	2II	2II_E	2II_E.2
MN018363	REF_DENV2II_E.2_MN018363	2	2II	2II_E	2II_E.2
MH827544	REF_DENV2II_E.2_MH827544	2	2II	2II_E	2II_E.2
MN018351	REF_DENV2II_E.2_MN018351	2	2II	2II_E	2II_E.2
MH827526	REF_DENV2II_E.2_MH827526	2	2II	2II_E	2II_E.2
KX655787	REF_DENV2II_D.1_KX655787	2	2II	2II_D	2II_D.1
MW721464	REF_DENV2II_D.1_MW721464	2	2II	2II_D	2II_D.1
KT187556	REF_DENV2II_D.1_KT187556	2	2II	2II_D	2II_D.1
KX225486	REF_DENV2II_D.1_KX225486	2	2II	2II_D	2II_D.1
MW721463	REF_DENV2II_D.1_MW721463	2	2II	2II_D	2II_D.1
MW721459	REF_DENV2II_D.2_MW721459	2	2II	2II_D	2II_D.2
ON887640	REF_DENV2II_D.2_ON887640	2	2II	2II_D	2II_D.2
ON908226	REF_DENV2II_D.2_ON908226	2	2II	2II_D	2II_D.2
MK783204	REF_DENV2II_D.2_MK783204	2	2II	2II_D	2II_D.2
MK564487	REF_DENV2II_D.2_MK564487	2	2II	2II_D	2II_D.2
MN018349	REF_DENV2II_D.3_MN018349	2	2II	2II_D	2II_D.3
MH827527	REF_DENV2II_D.3_MH827527	2	2II	2II_D	2II_D.3
MN018352	REF_DENV2II_D.3_MN018352	2	2II	2II_D	2II_D.3
MH827534	REF_DENV2II_D.3_MH827534	2	2II	2II_D	2II_D.3
KU365903	REF_DENV2II_D.3_KU365903	2	2II	2II_D	2II_D.3
MN944002	REF_DENV2II_C.1_MN944002	2	2II	2II_C	2II_C.1
ON907581	REF_DENV2II_C.1_ON907581	2	2II	2II_C	2II_C.1
ON908221	REF_DENV2II_C.1_ON908221	2	2II	2II_C	2II_C.1
ON885253	REF_DENV2II_C.1_ON885253	2	2II	2II_C	2II_C.1
MW512380	REF_DENV2II_C.1_MW512380	2	2II	2II_C	2II_C.1
MG599621	REF_DENV2II_C.2_MG599621	2	2II	2II_C	2II_C.2
MG599616	REF_DENV2II_C.2_MG599616	2	2II	2II_C	2II_C.2
MG599623	REF_DENV2II_C.2_MG599623	2	2II	2II_C	2II_C.2
MG599632	REF_DENV2II_C.2_MG599632	2	2II	2II_C	2II_C.2
MG599631	REF_DENV2II_C.2_MG599631	2	2II	2II_C	2II_C.2
MF156234	REF_DENV2II_A.1_MF156234	2	2II	2II_A	2II_A.1
MF156235	REF_DENV2II_A.1_MF156235	2	2II	2II_A	2II_A.1
MF156233	REF_DENV2II_A.1_MF156233	2	2II	2II_A	2II_A.1
MF156248	REF_DENV2II_A.1_MF156248	2	2II	2II_A	2II_A.1
MF156242	REF_DENV2II_A.1_MF156242	2	2II	2II_A	2II_A.1
MK783209	REF_DENV2II_A.2.1_MK783209	2	2II	2II_A	2II_A.2.1
MK783210	REF_DENV2II_A.2.1_MK783210	2	2II	2II_A	2II_A.2.1
MK783206	REF_DENV2II_A.2.1_MK783206	2	2II	2II_A	2II_A.2.1
MK783208	REF_DENV2II_A.2.1_MK783208	2	2II	2II_A	2II_A.2.1
MK783207	REF_DENV2II_A.2.1_MK783207	2	2II	2II_A	2II_A.2.1
MN335244	REF_DENV2II_A.2.2_MN335244	2	2II	2II_A	2II_A.2.2
MN335245	REF_DENV2II_A.2.2_MN335245	2	2II	2II_A	2II_A.2.2
MN335247	REF_DENV2II_A.2.2_MN335247	2	2II	2II_A	2II_A.2.2
MN335246	REF_DENV2II_A.2.2_MN335246	2	2II	2II_A	2II_A.2.2
MG779199	REF_DENV2II_A.2.2_MG779199	2	2II	2II_A	2II_A.2.2
MW295815	REF_DENV3I_A.1_MW295815	3	3I	3I_A	3I_A.1
MN922039	REF_DENV3I_A.1_MN922039	3	3I	3I_A	3I_A.1
MW720889	REF_DENV3I_A.1_MW720889	3	3I	3I_A	3I_A.1
ON908236	REF_DENV3I_A.1_ON908236	3	3I	3I_A	3I_A.1
ON890832	REF_DENV3I_A.1_ON890832	3	3I	3I_A	3I_A.1
LC436676	REF_DENV3I_A.2_LC436676	3	3I	3I_A	3I_A.2
MN922035	REF_DENV3I_A.2_MN922035	3	3I	3I_A	3I_A.2
MW396469	REF_DENV3I_A.2_MW396469	3	3I	3I_A	3I_A.2
MN018388	REF_DENV3I_A.2_MN018388	3	3I	3I_A	3I_A.2
LC436677	REF_DENV3I_A.2_LC436677	3	3I	3I_A	3I_A.2
MW945429	REF_DENV3II_A.1_MW945429	3	3II	3II_A	3II_A.1
EU660409	REF_DENV3II_A.1_EU660409	3	3II	3II_A	3II_A.1
EU482452	REF_DENV3II_A.1_EU482452	3	3II	3II_A	3II_A.1
MW945430	REF_DENV3II_A.1_MW945430	3	3II	3II_A	3II_A.1
FJ432743	REF_DENV3II_A.1_FJ432743	3	3II	3II_A	3II_A.1
MW946651	REF_DENV3II_A.2_MW946651	3	3II	3II_A	3II_A.2
MW946687	REF_DENV3II_A.2_MW946687	3	3II	3II_A	3II_A.2
MW946892	REF_DENV3II_A.2_MW946892	3	3II	3II_A	3II_A.2
KY586724	REF_DENV3II_A.2_KY586724	3	3II	3II_A	3II_A.2
MW946761	REF_DENV3II_A.2_MW946761	3	3II	3II_A	3II_A.2
MW946610	REF_DENV3II_A.3_MW946610	3	3II	3II_A	3II_A.3
MW946848	REF_DENV3II_A.3_MW946848	3	3II	3II_A	3II_A.3
MN448968	REF_DENV3II_A.3_MN448968	3	3II	3II_A	3II_A.3
MN448993	REF_DENV3II_A.3_MN448993	3	3II	3II_A	3II_A.3
MW946689	REF_DENV3II_A.3_MW946689	3	3II	3II_A	3II_A.3
EU081181	REF_DENV3III_A.1_EU081181	3	3III	3III_A	3III_A.1
EU081187	REF_DENV3III_A.1_EU081187	3	3III	3III_A	3III_A.1
EU081199	REF_DENV3III_A.1_EU081199	3	3III	3III_A	3III_A.1
EU081191	REF_DENV3III_A.1_EU081191	3	3III	3III_A	3III_A.1
EU081220	REF_DENV3III_A.1_EU081220	3	3III	3III_A	3III_A.1
LT996904	REF_DENV3III_A.2_LT996904	3	3III	3III_A	3III_A.2
LT996911	REF_DENV3III_A.2_LT996911	3	3III	3III_A	3III_A.2
LT996909	REF_DENV3III_A.2_LT996909	3	3III	3III_A	3III_A.2
LT996910	REF_DENV3III_A.2_LT996910	3	3III	3III_A	3III_A.2
LT996906	REF_DENV3III_A.2_LT996906	3	3III	3III_A	3III_A.2
EU932687	REF_DENV3III_C.1_EU932687	3	3III	3III_C	3III_C.1
EU932688	REF_DENV3III_C.1_EU932688	3	3III	3III_C	3III_C.1
GQ868587	REF_DENV3III_C.1_GQ868587	3	3III	3III_C	3III_C.1
FJ850111	REF_DENV3III_C.1_FJ850111	3	3III	3III_C	3III_C.1
FJ850109	REF_DENV3III_C.1_FJ850109	3	3III	3III_C	3III_C.1
MZ008468	REF_DENV3III_C.2_MZ008468	3	3III	3III_C	3III_C.2
MZ008476	REF_DENV3III_C.2_MZ008476	3	3III	3III_C	3III_C.2
JF937636	REF_DENV3III_C.2_JF937636	3	3III	3III_C	3III_C.2
MW946918	REF_DENV3III_C.2_MW946918	3	3III	3III_C	3III_C.2
HQ541806	REF_DENV3III_C.2_HQ541806	3	3III	3III_C	3III_C.2
MW946767	REF_DENV3III_B.1_MW946767	3	3III	3III_B	3III_B.1
MW946815	REF_DENV3III_B.1_MW946815	3	3III	3III_B	3III_B.1
KY586820	REF_DENV3III_B.1_KY586820	3	3III	3III_B	3III_B.1
KY586821	REF_DENV3III_B.1_KY586821	3	3III	3III_B	3III_B.1
KY586822	REF_DENV3III_B.1_KY586822	3	3III	3III_B	3III_B.1
MW288025	REF_DENV3III_B.2_MW288025	3	3III	3III_B	3III_B.2
MW288037	REF_DENV3III_B.2_MW288037	3	3III	3III_B	3III_B.2
MW288028	REF_DENV3III_B.2_MW288028	3	3III	3III_B	3III_B.2
MW288026	REF_DENV3III_B.2_MW288026	3	3III	3III_B	3III_B.2
MW288033	REF_DENV3III_B.2_MW288033	3	3III	3III_B	3III_B.2
MK858150	REF_DENV3III_B.3_MK858150	3	3III	3III_B	3III_B.3
MK858152	REF_DENV3III_B.3_MK858152	3	3III	3III_B	3III_B.3
ON123665	REF_DENV3III_B.3_ON123665	3	3III	3III_B	3III_B.3
ON123660	REF_DENV3III_B.3_ON123660	3	3III	3III_B	3III_B.3
OQ339138	REF_DENV3III_B.3_OQ339138	3	3III	3III_B	3III_B.3
MZ976858	REF_DENV4I_A.1.1_MZ976858	4	4I	4I_A	4I_A.1.1
ON908241	REF_DENV4I_A.1.1_ON908241	4	4I	4I_A	4I_A.1.1
ON891141	REF_DENV4I_A.1.1_ON891141	4	4I	4I_A	4I_A.1.1
MK614092	REF_DENV4I_A.1.1_MK614092	4	4I	4I_A	4I_A.1.1
MZ976859	REF_DENV4I_A.1.1_MZ976859	4	4I	4I_A	4I_A.1.1
OQ426977	REF_DENV4I_A.1.2_OQ426977	4	4I	4I_A	4I_A.1.2
OQ427013	REF_DENV4I_A.1.2_OQ427013	4	4I	4I_A	4I_A.1.2
OQ426990	REF_DENV4I_A.1.2_OQ426990	4	4I	4I_A	4I_A.1.2
OQ426989	REF_DENV4I_A.1.2_OQ426989	4	4I	4I_A	4I_A.1.2
OQ427047	REF_DENV4I_A.1.2_OQ427047	4	4I	4I_A	4I_A.1.2
KP792537	REF_DENV4I_A.1_KP792537	4	4I	4I_A	4I_A.1
KY924607	REF_DENV4I_A.1_KY924607	4	4I	4I_A	4I_A.1
MW945578	REF_DENV4I_A.2_MW945578	4	4I	4I_A	4I_A.2
MW945455	REF_DENV4I_A.2_MW945455	4	4I	4I_A	4I_A.2
MW945548	REF_DENV4I_A.2_MW945548	4	4I	4I_A	4I_A.2
KY586903	REF_DENV4I_A.2_KY586903	4	4I	4I_A	4I_A.2
KY586902	REF_DENV4I_A.2_KY586902	4	4I	4I_A	4I_A.2
MW945459	REF_DENV4I_A.3_MW945459	4	4I	4I_A	4I_A.3
MW945733	REF_DENV4I_A.3_MW945733	4	4I	4I_A	4I_A.3
MW945594	REF_DENV4I_A.3_MW945594	4	4I	4I_A	4I_A.3
MW945759	REF_DENV4I_A.3_MW945759	4	4I	4I_A	4I_A.3
MW945559	REF_DENV4I_A.3_MW945559	4	4I	4I_A	4I_A.3
MW192825	REF_DENV4I_B.1_MW192825	4	4I	4I_B	4I_B.1
MG272273	REF_DENV4I_B.1_MG272273	4	4I	4I_B	4I_B.1
MH891769	REF_DENV4I_B.1_MH891769	4	4I	4I_B	4I_B.1
OP809588	REF_DENV4I_B.1_OP809588	4	4I	4I_B	4I_B.1
OP809584	REF_DENV4I_B.1_OP809584	4	4I	4I_B	4I_B.1
KX845005	REF_DENV4I_B.2_KX845005	4	4I	4I_B	4I_B.2
MK858146	REF_DENV4I_B.2_MK858146	4	4I	4I_B	4I_B.2
KX059018	REF_DENV4I_B.2_KX059018	4	4I	4I_B	4I_B.2
KX059020	REF_DENV4I_B.2_KX059020	4	4I	4I_B	4I_B.2
KX059035	REF_DENV4I_B.2_KX059035	4	4I	4I_B	4I_B.2
OL314745	REF_DENV4II_A.1_OL314745	4	4II	4II_A	4II_A.1
OP600496	REF_DENV4II_A.1_OP600496	4	4II	4II_A	4II_A.1
OP600509	REF_DENV4II_A.1_OP600509	4	4II	4II_A	4II_A.1
OP600478	REF_DENV4II_A.1_OP600478	4	4II	4II_A	4II_A.1
OP600506	REF_DENV4II_A.1_OP600506	4	4II	4II_A	4II_A.1
JQ822247	REF_DENV4II_A.2_JQ822247	4	4II	4II_A	4II_A.2
MW720991	REF_DENV4II_A.2_MW720991	4	4II	4II_A	4II_A.2
MW720989	REF_DENV4II_A.2_MW720989	4	4II	4II_A	4II_A.2
MW720992	REF_DENV4II_A.2_MW720992	4	4II	4II_A	4II_A.2
JF741967	REF_DENV4II_A.2_JF741967	4	4II	4II_A	4II_A.2