sequenceID	Designation entire	Designation lineage	serotype	genotype	major_lineage	minor_lineage	minor_sublineage	minor_subsublineage	outgroup
KU509258.1_2010	1I		1	I					
ON123666.1_2018	1I		1	I					
MN639766.1_2018-10	1I		1	I					
AY732483.1_1981	1I		1	I					
JF459993.1_2002	1I		1	I					
FJ196847.1_1997	1I		1	I					
MW582813.1_2019-06-21	1IV		1	IV					
OM281589.1_2019-12	1IV		1	IV					
OK469344.1_1975	1IV		1	IV					
MW265693.1_2012-04-28	1IV		1	IV					
KU509261.1_2010	1IV		1	IV					
OL321180.1_2016-02-08	1IV		1	IV					
JQ922547.1_1960	1II		1	II					
MW945844.1_1964	1II		1	II					
OQ605987.1_2022-03-31	1V		1	V					
KF289073.1_1956	1V		1	V					
OR167255.1_2023-03-23	1V		1	V					
OR167130.1_2023-03-03	1V		1	V					
JN903578.1_2007-07-26	1V		1	V					
ON632090.1_2022-03-25	1V		1	V					
EU179860.1_2005	1III		1	III					
ON123656.1_2019	1III		1	III					
KX618706.1_2014	1III		1	III					
OA01_1973	1III		1	III					
MK858130.1_2016-10-25	1III		1	III					
ON109597.1_2021	1III		1	III					
KF184975.1_2013-04	1VII		1	VII					
OQ593389.1_2017-06-21	1VII		1	VII					
LC707382.1_2021-06-30	1VII		1	VII					
MZ857205.1_2013	1VII		1	VII					
JQ922546.1_1971	1VII		1	VII					
MW946449.1_2014	2V		2	V					
MZ453007.1_2019	2V		2	V					
OK469345.1_1985	2V		2	V					
OQ028221.1_2019-11-13	2V		2	V					
KC964095.1_1998	2V		2	V					
GQ868591.1_1964	2V		2	V					
KF744400.1_2000	2IV		2	IV					
KF744402.1_2000	2IV		2	IV					
KF744407.1_1996	2IV		2	IV					
OK605760.1_1988	2IV		2	IV					
KF744399.1_1998	2IV		2	IV					
OK469347.1_1988	2IV		2	IV					
EU482721.1_2006	2III		2	III					
FM210217.1_1999	2III		2	III					
OK469346.1_1981	2III		2	III					
ON634720.1_2021-02-22	2III		2	III					
EU482449.1_2006	2III		2	III					
OQ821485.1_2022-07-06	2III		2	III					
OP684211.1_2019-10-19	2II		2	II					
OP921000.1_2022-07-29	2II		2	II					
AP001_1969-02-11	2II		2	II					
EU179859.1_2006	2II		2	II					
OM744110.1_2021-11-16	2II		2	II					
OL469512.1_2017-04-30	2II		2	II					
JX966379.1_1994	2I		2	I					
JQ922550.1_1971	2I		2	I					
JQ922553.1_1980	2I		2	I					
JQ922552.1_1960	2I		2	I					
MW946575.1_1996	2I		2	I					
GQ398257.1_1977	2I		2	I					
FJ467493.1_2008	2VI		2	VI					
EF105388.1_1966	2VI		2	VI					
EF105385.1_1974	2VI		2	VI					
EF105386.1_1980	2VI		2	VI					
JF260983.1_2009	2VI		2	VI					
EF105379.1_1970	2VI		2	VI					
KM190937.1_1964	3V		3	V					
KU050695.1_1956	3V		3	V					
JQ922554.1_1963	3V		3	V					
MN922037.1_2019-08-02	3I		3	I					
MT006158.1_2018-06-19	3I		3	I					
AY496879.2_1997	3I		3	I					
MN018379.1_2015-10-03	3I		3	I					
MF004386.1_2012-10-04	3I		3	I					
KT424097.1_2014-08-28	3II		3	II					
AY496871.2_2002	3II		3	II					
OK469355.1_1973	3II		3	II					
MW946934.1_2011	3II		3	II					
KY586702.1_2008	3II		3	II					
KF955476.1_1983	3II		3	II					
OQ948474.1_2019-09	3III		3	III					
JQ922555.1_1966	3III		3	III					
MG721059.2_2016	3III		3	III					
OM417341.1_2021-09-19	3III		3	III					
OP895705.1_2018	3III		3	III					
EF457906.1_1975	4IV		4	IV					
AP011_1975	4IV		4	IV					
AP009_1973	4IV		4	IV					
JF262780.1_1973	4IV		4	IV					
AP010_1975	4IV		4	IV					
JF262779.1_1975	4IV		4	IV					
MW945621.1_2001	4III		4	III					
KY586945.1_1998	4III		4	III					
MW945727.1_2005	4III		4	III					
MW945493.1_1999	4III		4	III					
MW945619.1_1996	4III		4	III					
KY586944.1_2001	4III		4	III					
MN018398.1_2016-08-16	4I		4	I					
MN018395.1_2015-10-20	4I		4	I					
OK469357.1_1963	4I		4	I					
JQ922558.1_1962	4I		4	I					
OM639995.1_2021-11-16	4I		4	I					
KY670635.1_2003-10	4I		4	I					
KX812530.1_1976	4II		4	II					
MN018396.1_2015-11-12	4II		4	II					
OQ821645.1_2022-09-10	4II		4	II					
OK469362.1_1995	4II		4	II					
OQ603316.1_2013-09-18	4II		4	II					
OP600512.1_2022-07	4II		4	II					
MN933665.1_2017-07-31	1I_K	K	1	I	K				
GU131752.1_2008	1I_K	K	1	I	K				
MN933659.1_2015-04-21	1I_K	K	1	I	K				
MN639766.1_2018-10	1I_K	K	1	I	K				
MW945798.1_1999	1I_K	K	1	I	K				
MZ291446.1_2020-08	1I_K	K	1	I	K				
MT397276.1_2015-11	1I_J	J	1	I	J				
MW945782.1_2000	1I_J	J	1	I	J				
MW793709.1_2018-07	1I_J	J	1	I	J				
MG840548.1_2015	1I_J	J	1	I	J				
JF459993.1_2002	1I_J	J	1	I	J				
MN933656.1_2014-09-23	1I_J	J	1	I	J				
ON123666.1_2018	1I_H	H	1	I	H				
MW945936.1_2011	1I_H	H	1	I	H				
KJ755855.1_2013-07	1I_H	H	1	I	H				
MW946178.1_1997	1I_H	H	1	I	H				
MN960676.1_2019-11-16	1I_H	H	1	I	H				
GU131678.1_2008	1I_H	H	1	I	H				
GU131805.1_2008	1I_G	G	1	I	G				
KT827369.1_2011	1I_G	G	1	I	G				
GU131811.1_2008	1I_G	G	1	I	G				
KY586528.1_2002	1I_G	G	1	I	G				
HQ624983.1_2007	1I_G	G	1	I	G				
MW946158.1_1999	1I_G	G	1	I	G				
FJ196848.1_1999	1I_F	F	1	I	F				
KU509260.1_2008	1I_F	F	1	I	F				
MW946075.1_2010	1I_F	F	1	I	F				
ON038484.1_2009-12-14	1I_F	F	1	I	F				
MW946093.1_1996	1I_F	F	1	I	F				
MW946055.1_2003	1I_F	F	1	I	F				
MG840570.1_2016	1I_E	E	1	I	E				
KC759167.1_2012-01-09	1I_E	E	1	I	E				
OQ832613.1_2020-09	1I_E	E	1	I	E				
MN018326.1_2017-09-19	1I_E	E	1	I	E				
KY586530.1_2002	1I_E	E	1	I	E				
MW265667.1_2016-02-09	1I_E	E	1	I	E				
GQ199775.1_2007	1I_D	D	1	I	D				
FJ639678.1_2003	1I_D	D	1	I	D				
FJ850069.1_2003	1I_D	D	1	I	D				
JQ287664.1_2004	1I_D	D	1	I	D				
FJ882549.1_2007	1I_D	D	1	I	D				
EU677173.1_2007	1I_C	C	1	I	C				
GU131753.1_2008	1I_C	C	1	I	C				
EU482789.1_2003	1I_C	C	1	I	C				
FJ410269.1_2008	1I_C	C	1	I	C				
GU131792.1_2008	1I_C	C	1	I	C				
GQ199805.1_2007	1I_C	C	1	I	C				
KY586545.1_2004	1I_A	A	1	I	A				
MW946160.1_1998	1I_A	A	1	I	A				
MW945835.1_1997	1I_A	A	1	I	A				
MW946016.1_1995	1I_A	A	1	I	A				
FJ196847.1_1997	1I_A	A	1	I	A				
KU509258.1_2010	1I_B	B	1	I	B				
OK040060.1_2011	1I_B	B	1	I	B				
MW946065.1_1996	1I_B	B	1	I	B				
AY732483.1_1981	1I_B	B	1	I	B				
MW945829.1_1995	1I_B	B	1	I	B				
KJ649286.1_2011-12-31	1I_B	B	1	I	B				
MN018297.1_2017-05-08	1IV_B	B	1	IV	B				
OM281589.1_2019-12	1IV_B	B	1	IV	B				
OK469344.1_1975	1IV_B	B	1	IV	B				
MF033231.1_2015-03	1IV_B	B	1	IV	B				
OM281599.1_2020-12	1IV_B	B	1	IV	B				
MW945952.1_1974	1IV_B	B	1	IV	B				
KC762630.1_2008-02-06	1IV_C	C	1	IV	C				
KC762620.1_2007-12-13	1IV_C	C	1	IV	C				
KT827364.1_2002	1IV_C	C	1	IV	C				
KC762651.1_2007-12-11	1IV_C	C	1	IV	C				
KU509261.1_2010	1IV_C	C	1	IV	C				
JN544410.2_2011-04	1IV_C	C	1	IV	C				
JQ915076.1_2009-06-09	1IV_A	A	1	IV	A				
MW265693.1_2012-04-28	1IV_A	A	1	IV	A				
JN697056.1_2005-01-01	1IV_A	A	1	IV	A				
OK469341.1_1992	1IV_A	A	1	IV	A				
OL321180.1_2016-02-08	1IV_A	A	1	IV	A				
MH921567.1_2016	1IV_A	A	1	IV	A				
KU509249.1_2012	1V_E	E	1	V	E				
OR167255.1_2023-03-23	1V_E	E	1	V	E				
MT862857.1_2019-05-13	1V_E	E	1	V	E				
OQ445884.1_2022-10-01	1V_E	E	1	V	E				
KU509252.1_2010	1V_E	E	1	V	E				
FJ639819.1_2006	1V_E	E	1	V	E				
OQ821348.1_2022-08-28	1V_D	D	1	V	D				
ON123575.1_2021-08-03	1V_D	D	1	V	D				
ON123596.1_2021-08-20	1V_D	D	1	V	D				
OQ603259.1_2013-06-01	1V_D	D	1	V	D				
GQ868570.1_2008	1V_D	D	1	V	D				
OR167130.1_2023-03-03	1V_D	D	1	V	D				
FJ639794.1_2004	1V_F	F	1	V	F				
KU509254.1_2011	1V_F	F	1	V	F				
KC692517.1_2010-12-29	1V_F	F	1	V	F				
KY474306.1_2014	1V_F	F	1	V	F				
ON632090.1_2022-03-25	1V_F	F	1	V	F				
MW377899.1_2014-12-10	1V_F	F	1	V	F				
GQ868568.1_2007	1V_G	G	1	V	G				
KJ189303.1_1998	1V_G	G	1	V	G				
GQ868564.1_2006	1V_G	G	1	V	G				
KJ189304.1_2005	1V_G	G	1	V	G				
OA10_2012	1V_G	G	1	V	G				
OA08_2011	1V_G	G	1	V	G				
MZ008453.1_2013	1V_C	C	1	V	C				
ON426292.1_2020-01-22	1V_C	C	1	V	C				
OQ821332.1_2016-03-15	1V_C	C	1	V	C				
GU056032.1_1998	1V_C	C	1	V	C				
KJ189368.1_2012	1V_C	C	1	V	C				
KF955424.1_2007	1V_C	C	1	V	C				
MZ008452.1_2014	1V_B	B	1	V	B				
JN819415.1_2006	1V_B	B	1	V	B				
FJ639735.1_1997	1V_B	B	1	V	B				
MT929160.1_2019-10-07	1V_B	B	1	V	B				
OQ445882.1_2022-08-15	1V_B	B	1	V	B				
MZ343259.1_2015-11	1V_B	B	1	V	B				
EU081258.1_2005	1V_A	A	1	V	A				
MT929552.1_2018-04-12	1V_A	A	1	V	A				
GQ868601.1_1985	1V_A	A	1	V	A				
OQ605987.1_2022-03-31	1V_A	A	1	V	A				
DQ285559.1_2004	1V_A	A	1	V	A				
JN903578.1_2007-07-26	1V_A	A	1	V	A				
EU179860.1_2005	1III_A	A	1	III	A				
ON123656.1_2019	1III_A	A	1	III	A				
JQ922548.1_2005	1III_A	A	1	III	A				
OP898558.1_2022-10	1III_A	A	1	III	A				
KJ806950.2_2013	1III_B	B	1	III	B				
KX618706.1_2014	1III_B	B	1	III	B				
MK858130.1_2016-10-25	1III_B	B	1	III	B				
KX618705.1_2014	1III_B	B	1	III	B				
KP406801.1_2004	1III_B	B	1	III	B				
KF184975.1_2013-04	1VII_A	A	1	VII	A				
MN577472.1_2019-07	1VII_A	A	1	VII	A				
MW243006.1_2016-06-19	1VII_A	A	1	VII	A				
MZ130534.1_2019-05-28	1VII_A	A	1	VII	A				
MZ857205.1_2013	1VII_A	A	1	VII	A				
MG877557.1_2012	1VII_B	B	1	VII	B				
OQ593389.1_2017-06-21	1VII_B	B	1	VII	B				
LC707382.1_2021-06-30	1VII_B	B	1	VII	B				
OQ593388.1_2017-06-24	1VII_B	B	1	VII	B				
OQ593392.1_2017-04-13	1VII_B	B	1	VII	B				
MZ453007.1_2019	2V_A	A	2	V	A				
OQ028221.1_2019-11-13	2V_A	A	2	V	A				
OQ028229.1_2017-08-03	2V_A	A	2	V	A				
MW946420.1_1996	2V_A	A	2	V	A				
JN368476.1_2007	2V_A	A	2	V	A				
OP684189.1_2018-09-30	2V_A	A	2	V	A				
MW946428.1_2001	2V_C	C	2	V	C				
MW946279.1_2001	2V_C	C	2	V	C				
MW946369.1_1994	2V_C	C	2	V	C				
MW946590.1_1997	2V_C	C	2	V	C				
MW946509.1_1998	2V_C	C	2	V	C				
KY586667.1_2001	2V_C	C	2	V	C				
MW946284.1_1995	2V_D	D	2	V	D				
KY586678.1_2002	2V_D	D	2	V	D				
KC964095.1_1998	2V_D	D	2	V	D				
KY586688.1_1998	2V_D	D	2	V	D				
KY586686.1_2000	2V_D	D	2	V	D				
KY586692.1_2001	2V_B	B	2	V	B				
MW946460.1_1997	2V_B	B	2	V	B				
KY586690.1_1999	2V_B	B	2	V	B				
MW946551.1_1997	2V_B	B	2	V	B				
MW946473.1_1999	2V_B	B	2	V	B				
FJ639828.1_2001	2V_E	E	2	V	E				
MW946449.1_2014	2V_E	E	2	V	E				
MW946595.1_2005	2V_E	E	2	V	E				
MW946517.1_2005	2V_E	E	2	V	E				
FJ687436.1_2001	2V_E	E	2	V	E				
EU687212.1_1998	2III_C	C	2	III	C				
EU482726.1_2006	2III_C	C	2	III	C				
ON634744.1_2022-03-11	2III_C	C	2	III	C				
ON123621.1_2021-02-15	2III_C	C	2	III	C				
ON634720.1_2021-02-22	2III_C	C	2	III	C				
OQ445886.1_2022-08-17	2III_C	C	2	III	C				
EU726775.1_1996	2III_D	D	2	III	D				
ON714337.1_2015-01-29	2III_D	D	2	III	D				
ON510270.1_2021-05-10	2III_D	D	2	III	D				
MN462632.1_2015-10-04	2III_D	D	2	III	D				
OQ445892.1_2022-09-27	2III_D	D	2	III	D				
OQ821485.1_2022-07-06	2III_D	D	2	III	D				
FJ898450.1_1990	2III_B	B	2	III	B				
EU482721.1_2006	2III_B	B	2	III	B				
MN589880.1_1999-04-09	2III_B	B	2	III	B				
KC294201.1_2009-02-13	2III_B	B	2	III	B				
EU529706.1_2006	2III_B	B	2	III	B				
GQ398269.1_1994	2III_B	B	2	III	B				
MW946461.1_1988	2III_A	A	2	III	A				
FM210217.1_1999	2III_A	A	2	III	A				
KF921931.1_2003	2III_A	A	2	III	A				
EU482449.1_2006	2III_A	A	2	III	A				
FJ639699.1_2002	2III_A	A	2	III	A				
DQ181801.1_1990	2III_A	A	2	III	A				
OP921000.1_2022-07-29	2II_F	F	2	II	F				
OP684201.1_2019-08-16	2II_F	F	2	II	F				
OQ028230.1_2020-09-07	2II_F	F	2	II	F				
JF327392.1_2009	2II_F	F	2	II	F				
ON634755.1_2022-03-06	2II_F	F	2	II	F				
MK578532.1_2016-04-01	2II_F	F	2	II	F				
MN018351.1_2015-05-17	2II_E	E	2	II	E				
KX380821.1_2012	2II_E	E	2	II	E				
MT921573.1_2004	2II_E	E	2	II	E				
MW512414.1_2014	2II_E	E	2	II	E				
KX452015.1_2014-01	2II_E	E	2	II	E				
OP684198.1_2019-01-20	2II_E	E	2	II	E				
MK564478.1_2016-04-22	2II_D	D	2	II	D				
MN018349.1_2015-05-09	2II_D	D	2	II	D				
EU179859.1_2006	2II_D	D	2	II	D				
JN851130.1_2005	2II_D	D	2	II	D				
MN923111.1_2019-08-24	2II_D	D	2	II	D				
ON890351.1_2017-08-07	2II_D	D	2	II	D				
MW881533.1_2021-02-02	2II_C	C	2	II	C				
MW512409.1_2013	2II_C	C	2	II	C				
MK783205.1_2018	2II_C	C	2	II	C				
MW512467.1_2016	2II_C	C	2	II	C				
KF744397.1_2001	2II_C	C	2	II	C				
KU509276.1_2008	2II_C	C	2	II	C				
MN577564.1_2014-06	2II_B	B	2	II	B				
GQ398258.1_1975	2II_B	B	2	II	B				
OM317565.1_2020-06-24	2II_B	B	2	II	B				
MN577562.1_2013-05	2II_B	B	2	II	B				
GQ398259.1_1976	2II_B	B	2	II	B				
OL469512.1_2017-04-30	2II_B	B	2	II	B				
OP684211.1_2019-10-19	2II_A	A	2	II	A				
AP002_1969	2II_A	A	2	II	A				
MK783209.1_2018	2II_A	A	2	II	A				
OM744110.1_2021-11-16	2II_A	A	2	II	A				
JQ922551.1_2005	2II_A	A	2	II	A				
KY937189.1_2015	2II_A	A	2	II	A				
MT006158.1_2018-06-19	3I_A	A	3	I	A				
OK605763.1_1985	3I_A	A	3	I	A				
MT921575.1_2016	3I_A	A	3	I	A				
MF004386.1_2012-10-04	3I_A	A	3	I	A				
MN018370.1_2015-07-24	3I_A	A	3	I	A				
MN018374.1_2015-09-28	3I_A	A	3	I	A				
MW946691.1_1992	3I_B	B	3	I	B				
JQ920485.1_1996-10-21	3I_B	B	3	I	B				
JQ920480.1_1996-09-04	3I_B	B	3	I	B				
MW946955.1_1978	3I_B	B	3	I	B				
FJ898456.1_1995	3I_B	B	3	I	B				
MN922037.1_2019-08-02	3I_C	C	3	I	C				
MN018389.1_2017-02-15	3I_C	C	3	I	C				
KU509279.1_2008	3I_C	C	3	I	C				
MN018380.1_2015-09-16	3I_C	C	3	I	C				
MN018379.1_2015-10-03	3I_C	C	3	I	C				
MW946876.1_2003	3II_A	A	3	II	A				
MW946934.1_2011	3II_A	A	3	II	A				
KY586702.1_2008	3II_A	A	3	II	A				
HM631854.1_2008	3II_A	A	3	II	A				
KU509280.1_2011	3II_A	A	3	II	A				
MZ857226.1_1991-09-17	3II_A	A	3	II	A				
MW946664.1_2011	3II_B	B	3	II	B				
KT424097.1_2014-08-28	3II_B	B	3	II	B				
AY496871.2_2002	3II_B	B	3	II	B				
MF682971.1_2013-07-22	3II_B	B	3	II	B				
KY586818.1_2007	3II_B	B	3	II	B				
MH048677.1_2014-12	3III_A	A	3	III	A				
FJ882573.1_1993	3III_A	A	3	III	A				
KJ830751.1_2014-01-26	3III_A	A	3	III	A				
KU509283.1_2006	3III_A	A	3	III	A				
MG721059.2_2016	3III_A	A	3	III	A				
FJ882576.1_1994	3III_C	C	3	III	C				
OQ603311.1_2015	3III_C	C	3	III	C				
OM417340.1_2021-09-21	3III_C	C	3	III	C				
OQ821502.1_2021-08-12	3III_C	C	3	III	C				
OQ603310.1_2015	3III_C	C	3	III	C				
OM417341.1_2021-09-19	3III_C	C	3	III	C				
MT261977.1_2017-10-12	3III_B	B	3	III	B				
OQ948474.1_2019-09	3III_B	B	3	III	B				
EHIE21409Y22_2022	3III_B	B	3	III	B				
FJ644564.1_2007	3III_B	B	3	III	B				
OP895705.1_2018	3III_B	B	3	III	B				
MZ544587.1_2019-03	3III_B	B	3	III	B				
MN018395.1_2015-10-20	4I_A	A	4	I	A				
MW945498.1_2010	4I_A	A	4	I	A				
OQ427048.1_2019-01-15	4I_A	A	4	I	A				
MN018394.1_2015-10-03	4I_A	A	4	I	A				
OK469358.1_1976	4I_A	A	4	I	A				
MN018397.1_2016-02-01	4I_A	A	4	I	A				
MN018398.1_2016-08-16	4I_B	B	4	I	B				
OM639995.1_2021-11-16	4I_B	B	4	I	B				
OK605769.1_1983	4I_B	B	4	I	B				
JQ922559.1_1979	4I_B	B	4	I	B				
OP984198.1_2018	4I_B	B	4	I	B				
MN018396.1_2015-11-12	4II_A	A	4	II	A				
FJ196849.1_1978	4II_A	A	4	II	A				
OL314740.1_2019-05-30	4II_A	A	4	II	A				
MN018393.1_2015-07-25	4II_A	A	4	II	A				
OP600512.1_2022-07	4II_A	A	4	II	A				
KT276273.1_2014-09-08	4II_B	B	4	II	B				
OQ445966.1_2022-10-26	4II_B	B	4	II	B				
OQ821645.1_2022-09-10	4II_B	B	4	II	B				
OK469362.1_1995	4II_B	B	4	II	B				
OQ603316.1_2013-09-18	4II_B	B	4	II	B				
KX812530.1_1976	4II_B	B	4	II	B				
EF457905.1_1972	1I_outgroup		1	I					outgroup
EF457905.1_1972	1IV_outgroup		1	IV					outgroup
EF457905.1_1972	1II_outgroup		1	II					outgroup
EF457905.1_1972	1V_outgroup		1	V					outgroup
EF457905.1_1972	1III_outgroup		1	III					outgroup
EF457905.1_1972	1VI_outgroup		1	VI					outgroup
OK469347.1_1988	2V_outgroup		2	V					outgroup
OK469345.1_1985	2IV_outgroup		2	IV					outgroup
AP001_1969-02-11	2III_outgroup		2	III					outgroup
GQ398257.1_1977	2II_outgroup		2	II					outgroup
MW946478.1_1974	2I_outgroup		2	I					outgroup
KX274130.1_2015	2VI_outgroup		2	VI					outgroup
OM258630.1_1953	3V_outgroup		3	V					outgroup
KU050695.1_1956	3I_outgroup		3	I					outgroup
JQ922555.1_1966	3II_outgroup		3	II					outgroup
OK469356.1_1976	3III_outgroup		3	III					outgroup
MZ215848.1_2007-05-21	4IV_outgroup		4	IV					outgroup
JF262779.1_1975	4III_outgroup		4	III					outgroup
KY586945.1_1998	4I_outgroup		4	I					outgroup
JF262783.1_1961	4II_outgroup		4	II					outgroup
MW946069.1_1999	1I_K_outgroup	K	1	I	K				outgroup
MW945806.1_1998	1I_J_outgroup	J	1	I	J				outgroup
MW946134.1_1996	1I_H_outgroup	H	1	I	H				outgroup
EF457905.1_1972	1I_G_outgroup	G	1	I	G				outgroup
KY586516.1_1998	1I_F_outgroup	F	1	I	F				outgroup
EF457905.1_1972	1I_E_outgroup	E	1	I	E				outgroup
EF457905.1_1972	1I_D_outgroup	D	1	I	D				outgroup
AB608789.1_1994	1I_C_outgroup	C	1	I	C				outgroup
EF457905.1_1972	1I_A_outgroup	A	1	I	A				outgroup
EF457905.1_1972	1I_B_outgroup	B	1	I	B				outgroup
OK469342.1_1997	1IV_B_outgroup	B	1	IV	B				outgroup
OK605753.1_1983	1IV_C_outgroup	C	1	IV	C				outgroup
OK469342.1_1997	1IV_A_outgroup	A	1	IV	A				outgroup
GU131835.1_2004	1V_E_outgroup	E	1	V	E				outgroup
GU131835.1_2004	1V_D_outgroup	D	1	V	D				outgroup
GU131835.1_2004	1V_F_outgroup	F	1	V	F				outgroup
GU131835.1_2004	1V_G_outgroup	G	1	V	G				outgroup
GU131835.1_2004	1V_C_outgroup	C	1	V	C				outgroup
GU131835.1_2004	1V_B_outgroup	B	1	V	B				outgroup
JQ922544.1_1963	1V_A_outgroup	A	1	V	A				outgroup
OQ061315.1_1997	1III_A_outgroup	A	1	III	A				outgroup
JQ922545.1_1982	1III_B_outgroup	B	1	III	B				outgroup
JQ922546.1_1971	1VII_A_outgroup	A	1	VII	A				outgroup
JQ922546.1_1971	1VII_B_outgroup	B	1	VII	B				outgroup
DQ181803.1_1985	2V_A_outgroup	A	2	V	A				outgroup
KY586675.1_1995	2V_C_outgroup	C	2	V	C				outgroup
MW946422.1_1994	2V_D_outgroup	D	2	V	D				outgroup
MW946422.1_1994	2V_B_outgroup	B	2	V	B				outgroup
MW946422.1_1994	2V_E_outgroup	E	2	V	E				outgroup
OK469346.1_1981	2III_C_outgroup	C	2	III	C				outgroup
EU920828.1_1993-02	2III_D_outgroup	D	2	III	D				outgroup
GQ868603.1_1987	2III_B_outgroup	B	2	III	B				outgroup
AP001_1969-02-11	2III_A_outgroup	A	2	III	A				outgroup
MT921572.1_2000	2II_F_outgroup	F	2	II	F				outgroup
MT921572.1_2000	2II_E_outgroup	E	2	II	E				outgroup
MT921572.1_2000	2II_D_outgroup	D	2	II	D				outgroup
OK469352.1_1993	2II_C_outgroup	C	2	II	C				outgroup
GQ398263.1_1975	2II_B_outgroup	B	2	II	B				outgroup
GQ398258.1_1975	2II_A_outgroup	A	2	II	A				outgroup
AY496879.2_1997	3I_A_outgroup	A	3	I	A				outgroup
AY496879.2_1997	3I_B_outgroup	B	3	I	B				outgroup
DQ675519.1_1995	3I_C_outgroup	C	3	I	C				outgroup
OK469354.1_1989	3II_A_outgroup	A	3	II	A				outgroup
KJ737430.1_1983	3II_B_outgroup	B	3	II	B				outgroup
JQ922555.1_1966	3III_A_outgroup	A	3	III	A				outgroup
JQ922555.1_1966	3III_C_outgroup	C	3	III	C				outgroup
JQ922555.1_1966	3III_B_outgroup	B	3	III	B				outgroup
AP012_1971-05-17	4I_A_outgroup	A	4	I	A				outgroup
KR011349.2_1956-08-28	4I_B_outgroup	B	4	I	B				outgroup
MW945667.1_1997	4II_A_outgroup	A	4	II	A				outgroup
MW945667.1_1997	4II_B_outgroup	B	4	II	B				outgroup
JQ048541.1_2011-09	1I_K.1_outgroup	K.1	1	I	K	1			outgroup
JQ048541.1_2011-09	1I_K.1.1_outgroup	K.1.1	1	I	K	1	1		outgroup
JQ048541.1_2011-09	1I_K.1.2_outgroup	K.1.2	1	I	K	1	2		outgroup
MH048670.1_2014-12	1I_K.2_outgroup	K.2	1	I	K	2			outgroup
KY057369.1_2012	1I_K.3_outgroup	K.3	1	I	K	3			outgroup
FJ469909.1_2003	1I_K.4_outgroup	K.4	1	I	K	4			outgroup
FJ469907.1_2003	1I_K.5_outgroup	K.5	1	I	K	5			outgroup
MW946128.1_2006	1I_K.6_outgroup	K.6	1	I	K	6			outgroup
MW945798.1_1999	1I_K.7_outgroup	K.7	1	I	K	7			outgroup
MW945932.1_2003	1I_H.1_outgroup	H.1	1	I	H	1			outgroup
MW946067.1_2003	1I_H.2_outgroup	H.2	1	I	H	2			outgroup
MW945886.1_2004	1I_H.3_outgroup	H.3	1	I	H	3			outgroup
GU131824.1_2008	1I_E.1_outgroup	E.1	1	I	E	1			outgroup
MF033239.1_2015-11	1I_E.1.1_outgroup	E.1.1	1	I	E	1	1		outgroup
LC428060.1_2017	1I_E.1.2_outgroup	E.1.2	1	I	E	1	2		outgroup
MW265694.1_2012-05-16	1I_E.2_outgroup	E.2	1	I	E	2			outgroup
OQ426671.1_2017-05-29	1I_E.3_outgroup	E.3	1	I	E	3			outgroup
GQ868602.1_2004	1IV_B.1_outgroup	B.1	1	IV	B	1			outgroup
KP406803.1_2006	1IV_B.2_outgroup	B.2	1	IV	B	2			outgroup
KF672760.1_2011	1V_E.1_outgroup	E.1	1	V	E	1			outgroup
MG877553.1_2012	1V_E.2_outgroup	E.2	1	V	E	2			outgroup
KU509249.1_2012	1V_E.3_outgroup	E.3	1	V	E	3			outgroup
OQ603261.1_2015-10-09	1V_D.1_outgroup	D.1	1	V	D	1			outgroup
OQ821380.1_2019-10-23	1V_D.1.1_outgroup	D.1.1	1	V	D	1	1		outgroup
OQ603260.1_2013-06-18	1V_D.1.2_outgroup	D.1.2	1	V	D	1	2		outgroup
GU131948.1_2001	1V_D.2_outgroup	D.2	1	V	D	2			outgroup
MW946280.1_2004	2V_A.1_outgroup	A.1	2	V	A	1			outgroup
MN448787.1_2011-07-21	2V_A.1.1_outgroup	A.1.1	2	V	A	1	1		outgroup
MN448787.1_2011-07-21	2V_A.1.2_outgroup	A.1.2	2	V	A	1	2		outgroup
GU131924.1_2008	2V_A.1.3_outgroup	A.1.3	2	V	A	1	3		outgroup
KY586603.1_2002	2V_A.3_outgroup	A.3	2	V	A	3			outgroup
MN448821.1_2012-06-07	2V_A.2_outgroup	A.2	2	V	A	2			outgroup
MW946358.1_2003	2V_A.4_outgroup	A.4	2	V	A	4			outgroup
EU920839.1_2005-09	2III_C.1_outgroup	C.1	2	III	C	1			outgroup
OQ821472.1_2014-01-12	2III_C.1.1_outgroup	C.1.1	2	III	C	1	1		outgroup
OQ821472.1_2014-01-12	2III_C.1.2_outgroup	C.1.2	2	III	C	1	2		outgroup
MW946583.1_2004	2III_C.2_outgroup	C.2	2	III	C	2			outgroup
EU920828.1_1993-02	2III_D.1_outgroup	D.1	2	III	D	1			outgroup
FJ898478.1_2000	2III_D.1.1_outgroup	D.1.1	2	III	D	1	1		outgroup
FJ898478.1_2000	2III_D.1.2_outgroup	D.1.2	2	III	D	1	2		outgroup
FJ850118.1_2000	2III_D.1.3_outgroup	D.1.3	2	III	D	1	3		outgroup
EU920828.1_1993-02	2III_D.2_outgroup	D.2	2	III	D	2			outgroup
GQ868553.1_1999	2III_D.3_outgroup	D.3	2	III	D	3			outgroup
KY670633.1_1995-09	2III_A.1_outgroup	A.1	2	III	A	1			outgroup
FM210237.2_2003	2III_A.2_outgroup	A.2	2	III	A	2			outgroup
JF327392.1_2009	2II_F.1_outgroup	F.1	2	II	F	1			outgroup
MW512463.1_2016	2II_F.1.1_outgroup	F.1.1	2	II	F	1	1		outgroup
OP684201.1_2019-08-16	2II_F.1.1.1_outgroup	F.1.1.1	2	II	F	1	1	1	outgroup
MW512452.1_2016	2II_F.1.1.2_outgroup	F.1.1.2	2	II	F	1	1	2	outgroup
MW512447.1_2015	2II_F.1.2_outgroup	F.1.2	2	II	F	1	2		outgroup
MW730833.1_2017-07	2II_F.2_outgroup	F.2	2	II	F	2			outgroup
MW512377.1_2012	2II_F.2.1_outgroup	F.2.1	2	II	F	2	1		outgroup
MW512430.1_2014	2II_F.2.2_outgroup	F.2.2	2	II	F	2	2		outgroup
KX452015.1_2014-01	2II_E.1_outgroup	E.1	2	II	E	1			outgroup
MT921573.1_2004	2II_E.2_outgroup	E.2	2	II	E	2			outgroup
MW512364.1_2011	2II_D.1_outgroup	D.1	2	II	D	1			outgroup
MH048673.1_2014-12	2II_D.2_outgroup	D.2	2	II	D	2			outgroup
FJ196853.1_2003	2II_D.3_outgroup	D.3	2	II	D	3			outgroup
KU509269.1_2009	2II_C.1_outgroup	C.1	2	II	C	1			outgroup
JN851131.1_2005	2II_C.2_outgroup	C.2	2	II	C	2			outgroup
JQ922551.1_2005	2II_A.1_outgroup	A.1	2	II	A	1			outgroup
DQ448231.2_2001	2II_A.1.1_outgroup	A.1.1	2	II	A	1	1		outgroup
JQ922549.1_1996	2II_A.1.2_outgroup	A.1.2	2	II	A	1	2		outgroup
MG560143.1_2014	2II_A.2_outgroup	A.2	2	II	A	2			outgroup
KY427084.1_2010-09-01	2II_A.2.1_outgroup	A.2.1	2	II	A	2	1		outgroup
MG560143.1_2014	2II_A.2.2_outgroup	A.2.2	2	II	A	2	2		outgroup
MN018377.1_2015-12-22	3I_A.1_outgroup	A.1	3	I	A	1			outgroup
KY921906.1_2015-06	3I_A.2_outgroup	A.2	3	I	A	2			outgroup
KF955461.1_1999	3II_A.1_outgroup	A.1	3	II	A	1			outgroup
KF955461.1_1999	3II_A.2_outgroup	A.2	3	II	A	2			outgroup
MW946629.1_1998	3II_A.3_outgroup	A.3	3	II	A	3			outgroup
MW946753.1_2003	3II_A.4_outgroup	A.4	3	II	A	4			outgroup
MW946924.1_1997	3II_A.5_outgroup	A.5	3	II	A	5			outgroup
DQ675533.1_1999	3III_A.1_outgroup	A.1	3	III	A	1			outgroup
DQ675533.1_1999	3III_A.2_outgroup	A.2	3	III	A	2			outgroup
GQ199886.1_1998	3III_C.1_outgroup	C.1	3	III	C	1			outgroup
FJ898440.1_2003	3III_C.2_outgroup	C.2	3	III	C	2			outgroup
EU854292.1_2005	3III_C.2.1_outgroup	C.2.1	3	III	C	2	1		outgroup
JX669491.1_2002	3III_C.2.2_outgroup	C.2.2	3	III	C	2	2		outgroup
GQ466079.1_2008	3III_B.1_outgroup	B.1	3	III	B	1			outgroup
KU509286.1_2011	3III_B.2_outgroup	B.2	3	III	B	2			outgroup
JQ922556.1_2005	3III_B.3_outgroup	B.3	3	III	B	3			outgroup
KX380841.1_2012	3III_B.3.1_outgroup	B.3.1	3	III	B	3	1		outgroup
ON123669.1_2018	3III_B.3.2_outgroup	B.3.2	3	III	B	3	2		outgroup
MW945663.1_1994	4I_A.1_outgroup	A.1	4	I	A	1			outgroup
KP792537.2_2011-06	4I_A.1.1_outgroup	A.1.1	4	I	A	1	1		outgroup
KP792537.2_2011-06	4I_A.1.2_outgroup	A.1.2	4	I	A	1	2		outgroup
KY586938.1_1995	4I_A.2_outgroup	A.2	4	I	A	2			outgroup
MW945761.1_1999	4I_A.3_outgroup	A.3	4	I	A	3			outgroup
KU509287.1_2009	4I_B.1_outgroup	B.1	4	I	B	1			outgroup
KF041260.1_2009	4I_B.2_outgroup	B.2	4	I	B	2			outgroup
JQ915085.1_2008-02-20	4II_A.1_outgroup	A.1	4	II	A	1			outgroup
MH888334.1_2013-01-04	4II_A.2_outgroup	A.2	4	II	A	2			outgroup
MN639764.1_2018-10	1I_K.1	K.1	1	I	K	1			
OM281593.1_2019-12	1I_K.1	K.1	1	I	K	1			
MN639766.1_2018-10	1I_K.1	K.1	1	I	K	1			
OQ678061.1_2019-12-17	1I_K.1	K.1	1	I	K	1			
MN933667.1_2018-08-09	1I_K.1	K.1	1	I	K	1			
OM281593.1_2019-12	1I_K.1.1	K.1.1	1	I	K	1	1		
MN923088.1_2019-10-25	1I_K.1.1	K.1.1	1	I	K	1	1		
OP984871.1_2022-08-12	1I_K.1.1	K.1.1	1	I	K	1	1		
OQ678061.1_2019-12-17	1I_K.1.1	K.1.1	1	I	K	1	1		
OL411495.1_2020-07	1I_K.1.1	K.1.1	1	I	K	1	1		
MN639764.1_2018-10	1I_K.1.2	K.1.2	1	I	K	1	2		
MN933664.1_2017-08-15	1I_K.1.2	K.1.2	1	I	K	1	2		
MN018298.1_2017-08-21	1I_K.1.2	K.1.2	1	I	K	1	2		
MN639766.1_2018-10	1I_K.1.2	K.1.2	1	I	K	1	2		
MN933667.1_2018-08-09	1I_K.1.2	K.1.2	1	I	K	1	2		
MF033220.1_2014-06	1I_K.2	K.2	1	I	K	2			
ON631278.1_2021	1I_K.2	K.2	1	I	K	2			
OM281590.1_2019-12	1I_K.2	K.2	1	I	K	2			
MZ291446.1_2020-08	1I_K.2	K.2	1	I	K	2			
MN018323.1_2016-05-24	1I_K.2	K.2	1	I	K	2			
MN556094.1_2019-09-01	1I_K.3	K.3	1	I	K	3			
MN933665.1_2017-07-31	1I_K.3	K.3	1	I	K	3			
MF033230.1_2015-02	1I_K.3	K.3	1	I	K	3			
OM281571.1_2018-12	1I_K.3	K.3	1	I	K	3			
MN933660.1_2016-04-28	1I_K.3	K.3	1	I	K	3			
KC762627.1_2008-04-17	1I_K.4	K.4	1	I	K	4			
KC762647.1_2010-03-03	1I_K.4	K.4	1	I	K	4			
KC762621.1_2008-02-15	1I_K.4	K.4	1	I	K	4			
KC762631.1_2008-02-15	1I_K.4	K.4	1	I	K	4			
KC762629.1_2008-03-15	1I_K.4	K.4	1	I	K	4			
MN448635.1_2010-08-03	1I_K.5	K.5	1	I	K	5			
ON038490.1_2012-11-26	1I_K.5	K.5	1	I	K	5			
KY586334.1_2008	1I_K.5	K.5	1	I	K	5			
MN448692.1_2012-10-01	1I_K.5	K.5	1	I	K	5			
KY849723.1_2010-07-06	1I_K.5	K.5	1	I	K	5			
MW945860.1_2013	1I_K.6	K.6	1	I	K	6			
MN933659.1_2015-04-21	1I_K.6	K.6	1	I	K	6			
KF971870.1_2013-08-23	1I_K.6	K.6	1	I	K	6			
MN933654.1_2014-07-24	1I_K.6	K.6	1	I	K	6			
ON038487.1_2011-06-09	1I_K.6	K.6	1	I	K	6			
HM181970.1_2008	1I_K.7	K.7	1	I	K	7			
KY586366.1_2001	1I_K.7	K.7	1	I	K	7			
MW946221.1_2006	1I_K.7	K.7	1	I	K	7			
FJ410257.1_2008	1I_K.7	K.7	1	I	K	7			
GU131752.1_2008	1I_K.7	K.7	1	I	K	7			
GQ868619.1_2003	1I_K.7	K.7	1	I	K	7			
MW386867.1_2019-10	1I_H.1	H.1	1	I	H	1			
KJ755855.1_2013-07	1I_H.1	H.1	1	I	H	1			
ON123666.1_2018	1I_H.1	H.1	1	I	H	1			
OQ080034.1_2020-08-17	1I_H.1	H.1	1	I	H	1			
MN960676.1_2019-11-16	1I_H.1	H.1	1	I	H	1			
EU482811.1_2006	1I_H.2	H.2	1	I	H	2			
GU131678.1_2008	1I_H.2	H.2	1	I	H	2			
GU131801.1_2008	1I_H.2	H.2	1	I	H	2			
GU131749.1_2008	1I_H.2	H.2	1	I	H	2			
HM181952.1_2007	1I_H.2	H.2	1	I	H	2			
MW946105.1_2006	1I_H.3	H.3	1	I	H	3			
MW946070.1_2006	1I_H.3	H.3	1	I	H	3			
KY849741.1_2008-10-06	1I_H.3	H.3	1	I	H	3			
KY586396.1_2004	1I_H.3	H.3	1	I	H	3			
KC172834.1_2008-10-06	1I_H.3	H.3	1	I	H	3			
MN933669.1_2018-10-16	1I_E.1	E.1	1	I	E	1			
MN018326.1_2017-09-19	1I_E.1	E.1	1	I	E	1			
MG840578.1_2017	1I_E.1	E.1	1	I	E	1			
OQ426604.1_2019-04-23	1I_E.1	E.1	1	I	E	1			
MN018333.1_2016-02-25	1I_E.1	E.1	1	I	E	1			
MN912192.1_2017-07-31	1I_E.1.1	E.1.1	1	I	E	1	1		
MN912188.1_2017-07-31	1I_E.1.1	E.1.1	1	I	E	1	1		
MN912185.1_2017-07-31	1I_E.1.1	E.1.1	1	I	E	1	1		
MN912183.1_2017-07-31	1I_E.1.1	E.1.1	1	I	E	1	1		
MN912182.1_2017-07-31	1I_E.1.1	E.1.1	1	I	E	1	1		
MN912176.1_2017-07-18	1I_E.1.2	E.1.2	1	I	E	1	2		
MN912169.1_2017-07-18	1I_E.1.2	E.1.2	1	I	E	1	2		
MN912168.1_2017-07-18	1I_E.1.2	E.1.2	1	I	E	1	2		
MN912165.1_2017-07-18	1I_E.1.2	E.1.2	1	I	E	1	2		
MN912175.1_2017-07-18	1I_E.1.2	E.1.2	1	I	E	1	2		
MW265710.1_2016-04-27	1I_E.2	E.2	1	I	E	2			
MW315188.1_2017-03-17	1I_E.2	E.2	1	I	E	2			
MW315184.1_2017-04-12	1I_E.2	E.2	1	I	E	2			
MW315182.1_2017-03-10	1I_E.2	E.2	1	I	E	2			
MW315190.1_2017-03-29	1I_E.2	E.2	1	I	E	2			
MW315195.1_2017-06-05	1I_E.2	E.2	1	I	E	2			
OQ832614.1_2020-09	1I_E.3	E.3	1	I	E	3			
LC428075.1_2017	1I_E.3	E.3	1	I	E	3			
OQ426650.1_2017-02-24	1I_E.3	E.3	1	I	E	3			
OQ426707.1_2017-07-06	1I_E.3	E.3	1	I	E	3			
OQ832613.1_2020-09	1I_E.3	E.3	1	I	E	3			
OM281599.1_2020-12	1IV_B.1	B.1	1	IV	B	1			
MN018297.1_2017-05-08	1IV_B.1	B.1	1	IV	B	1			
KP406803.1_2006	1IV_B.1	B.1	1	IV	B	1			
MT832048.1_2013	1IV_B.1	B.1	1	IV	B	1			
MN923105.1_2019-08-26	1IV_B.1	B.1	1	IV	B	1			
OP895913.1_2017-01	1IV_B.2	B.2	1	IV	B	2			
OM281589.1_2019-12	1IV_B.2	B.2	1	IV	B	2			
MT832037.1_2012	1IV_B.2	B.2	1	IV	B	2			
MT832040.1_2012	1IV_B.2	B.2	1	IV	B	2			
MT832033.1_2015	1IV_B.2	B.2	1	IV	B	2			
MT862857.1_2019-05-13	1V_E.1	E.1	1	V	E	1			
ON632053.1_2022-04-04	1V_E.1	E.1	1	V	E	1			
OR167255.1_2023-03-23	1V_E.1	E.1	1	V	E	1			
OQ605977.1_2022-03-15	1V_E.1	E.1	1	V	E	1			
ON632121.1_2022-03-17	1V_E.1	E.1	1	V	E	1			
OM833058.1_2020-06-27	1V_E.2	E.2	1	V	E	2			
OQ821377.1_2013-08-29	1V_E.2	E.2	1	V	E	2			
OM833055.1_2020-02-18	1V_E.2	E.2	1	V	E	2			
OQ821340.1_2021-11-16	1V_E.2	E.2	1	V	E	2			
OQ445884.1_2022-10-01	1V_E.2	E.2	1	V	E	2			
OM833059.1_2013-07-24	1V_E.3	E.3	1	V	E	3			
KJ189363.1_2010	1V_E.3	E.3	1	V	E	3			
KJ189366.1_2010	1V_E.3	E.3	1	V	E	3			
KJ189362.1_2010	1V_E.3	E.3	1	V	E	3			
KJ189354.1_2012	1V_E.3	E.3	1	V	E	3			
OQ821348.1_2022-08-28	1V_D.1	D.1	1	V	D	1			
OR167130.1_2023-03-03	1V_D.1	D.1	1	V	D	1			
OQ821367.1_2022-12-07	1V_D.1	D.1	1	V	D	1			
MT899083.1_2019-09-29	1V_D.1	D.1	1	V	D	1			
ON123575.1_2021-08-03	1V_D.1	D.1	1	V	D	1			
OQ821349.1_2022-09-01	1V_D.1.1	D.1.1	1	V	D	1	1		
OQ821348.1_2022-08-28	1V_D.1.1	D.1.1	1	V	D	1	1		
ON123574.1_2021-07-07	1V_D.1.1	D.1.1	1	V	D	1	1		
ON632040.1_2022-04-12	1V_D.1.1	D.1.1	1	V	D	1	1		
OR167130.1_2023-03-03	1V_D.1.1	D.1.1	1	V	D	1	1		
OQ603263.1_2016-06-24	1V_D.1.2	D.1.2	1	V	D	1	2		
MN556095.1_2017-04	1V_D.1.2	D.1.2	1	V	D	1	2		
OQ821367.1_2022-12-07	1V_D.1.2	D.1.2	1	V	D	1	2		
ON123586.1_2021-05-07	1V_D.1.2	D.1.2	1	V	D	1	2		
ON123575.1_2021-08-03	1V_D.1.2	D.1.2	1	V	D	1	2		
ON426300.1_2021-03-26	1V_D.2	D.2	1	V	D	2			
OQ603261.1_2015-10-09	1V_D.2	D.2	1	V	D	2			
ON123596.1_2021-08-20	1V_D.2	D.2	1	V	D	2			
OR025607.1_2023-03-29	1V_D.2	D.2	1	V	D	2			
OR025611.1_2023-04-08	1V_D.2	D.2	1	V	D	2			
OQ028221.1_2019-11-13	2V_A.1	A.1	2	V	A	1			
OP684189.1_2018-09-30	2V_A.1	A.1	2	V	A	1			
ON853797.1_2018-07-13	2V_A.1	A.1	2	V	A	1			
OQ028228.1_2019-06-26	2V_A.1	A.1	2	V	A	1			
MN923122.1_2019-09-01	2V_A.1	A.1	2	V	A	1			
OQ028221.1_2019-11-13	2V_A.1.1	A.1.1	2	V	A	1	1		
MN018366.1_2015-12-30	2V_A.1.1	A.1.1	2	V	A	1	1		
OP684189.1_2018-09-30	2V_A.1.1	A.1.1	2	V	A	1	1		
OQ028228.1_2019-06-26	2V_A.1.1	A.1.1	2	V	A	1	1		
OQ028222.1_2019-06-25	2V_A.1.1	A.1.1	2	V	A	1	1		
MN923115.1_2019-05-31	2V_A.1.2	A.1.2	2	V	A	1	2		
OP684188.1_2018-09-20	2V_A.1.2	A.1.2	2	V	A	1	2		
OL414734.1_2020-06	2V_A.1.2	A.1.2	2	V	A	1	2		
OL414761.1_2019-08	2V_A.1.2	A.1.2	2	V	A	1	2		
MN923122.1_2019-09-01	2V_A.1.2	A.1.2	2	V	A	1	2		
MN448732.1_2012-08-29	2V_A.1.3	A.1.3	2	V	A	1	3		
MN448700.1_2012-11-20	2V_A.1.3	A.1.3	2	V	A	1	3		
MN448699.1_2012-11-13	2V_A.1.3	A.1.3	2	V	A	1	3		
MN448706.1_2012-11-01	2V_A.1.3	A.1.3	2	V	A	1	3		
MN448727.1_2012-10-11	2V_A.1.3	A.1.3	2	V	A	1	3		
KY849765.1_2009-11-06	2V_A.3	A.3	2	V	A	3			
MN448920.1_2011	2V_A.3	A.3	2	V	A	3			
MW946554.1_2011	2V_A.3	A.3	2	V	A	3			
KY586595.1_2004	2V_A.3	A.3	2	V	A	3			
KY849768.1_2010-08-13	2V_A.3	A.3	2	V	A	3			
MW946510.1_2011	2V_A.3	A.3	2	V	A	3			
MW788985.1_2019-09	2V_A.2	A.2	2	V	A	2			
MW788987.1_2019-06	2V_A.2	A.2	2	V	A	2			
MZ636801.1_2019-11-19	2V_A.2	A.2	2	V	A	2			
MN923120.1_2019-10-02	2V_A.2	A.2	2	V	A	2			
MZ453007.1_2019	2V_A.2	A.2	2	V	A	2			
MN448904.1_2010-09-15	2V_A.4	A.4	2	V	A	4			
MW946367.1_2010	2V_A.4	A.4	2	V	A	4			
MN448874.1_2011-09-20	2V_A.4	A.4	2	V	A	4			
MN448883.1_2011-09-23	2V_A.4	A.4	2	V	A	4			
MW946602.1_2011	2V_A.4	A.4	2	V	A	4			
OQ740552.1_2022-04-13	2III_C.1	C.1	2	III	C	1			
OQ740551.1_2022-04-08	2III_C.1	C.1	2	III	C	1			
ON634741.1_2022-04-25	2III_C.1	C.1	2	III	C	1			
ON634752.1_2022-03-17	2III_C.1	C.1	2	III	C	1			
ON634744.1_2022-03-11	2III_C.1	C.1	2	III	C	1			
MK517773.1_2017-03-28	2III_C.1.1	C.1.1	2	III	C	1	1		
ON634741.1_2022-04-25	2III_C.1.1	C.1.1	2	III	C	1	1		
OQ101603.1_2019-07-04	2III_C.1.1	C.1.1	2	III	C	1	1		
ON634752.1_2022-03-17	2III_C.1.1	C.1.1	2	III	C	1	1		
ON634744.1_2022-03-11	2III_C.1.1	C.1.1	2	III	C	1	1		
ON634740.1_2022-03-28	2III_C.1.1	C.1.1	2	III	C	1	1		
OQ740552.1_2022-04-13	2III_C.1.2	C.1.2	2	III	C	1	2		
OQ740551.1_2022-04-08	2III_C.1.2	C.1.2	2	III	C	1	2		
OQ740553.1_2022-05-11	2III_C.1.2	C.1.2	2	III	C	1	2		
OQ821475.1_2015-10-28	2III_C.1.2	C.1.2	2	III	C	1	2		
OQ740547.1_2022-03-31	2III_C.1.2	C.1.2	2	III	C	1	2		
OQ821445.1_2019-11-13	2III_C.2	C.2	2	III	C	2			
OQ821468.1_2022-08-18	2III_C.2	C.2	2	III	C	2			
OQ445887.1_2022-08-16	2III_C.2	C.2	2	III	C	2			
OQ821495.1_2014-02-09	2III_C.2	C.2	2	III	C	2			
OQ445894.1_2022-10-27	2III_C.2	C.2	2	III	C	2			
OQ445886.1_2022-08-17	2III_C.2	C.2	2	III	C	2			
OQ445892.1_2022-09-27	2III_D.1	D.1	2	III	D	1			
OQ821483.1_2019-08-19	2III_D.1	D.1	2	III	D	1			
OQ821459.1_2022-06-28	2III_D.1	D.1	2	III	D	1			
MH781013.1_2012	2III_D.1	D.1	2	III	D	1			
MZ945533.1_2020-10-28	2III_D.1	D.1	2	III	D	1			
OQ445892.1_2022-09-27	2III_D.1.1	D.1.1	2	III	D	1	1		
OQ821459.1_2022-06-28	2III_D.1.1	D.1.1	2	III	D	1	1		
EU596500.1_2007	2III_D.1.1	D.1.1	2	III	D	1	1		
OQ821456.1_2022-06-20	2III_D.1.1	D.1.1	2	III	D	1	1		
GQ868604.1_2005	2III_D.1.1	D.1.1	2	III	D	1	1		
OQ821483.1_2019-08-19	2III_D.1.2	D.1.2	2	III	D	1	2		
OQ821497.1_2019-08-29	2III_D.1.2	D.1.2	2	III	D	1	2		
MZ945533.1_2020-10-28	2III_D.1.2	D.1.2	2	III	D	1	2		
OM505022.1_2021-09-21	2III_D.1.2	D.1.2	2	III	D	1	2		
OQ821485.1_2022-07-06	2III_D.1.2	D.1.2	2	III	D	1	2		
EU482635.1_2005	2III_D.1.3	D.1.3	2	III	D	1	3		
HQ705624.1_2009	2III_D.1.3	D.1.3	2	III	D	1	3		
EU482639.1_2006	2III_D.1.3	D.1.3	2	III	D	1	3		
FJ882594.1_2007	2III_D.1.3	D.1.3	2	III	D	1	3		
FJ906956.1_2005	2III_D.1.3	D.1.3	2	III	D	1	3		
ON510270.1_2021-05-10	2III_D.2	D.2	2	III	D	2			
ON714337.1_2015-01-29	2III_D.2	D.2	2	III	D	2			
MH069499.1_2015-09-22	2III_D.2	D.2	2	III	D	2			
GQ868558.1_2007	2III_D.2	D.2	2	III	D	2			
MZ773408.1_2019-09	2III_D.2	D.2	2	III	D	2			
MN462632.1_2015-10-04	2III_D.3	D.3	2	III	D	3			
KY474316.1_2014	2III_D.3	D.3	2	III	D	3			
EU482607.1_2007	2III_D.3	D.3	2	III	D	3			
MN462636.1_2015-05-27	2III_D.3	D.3	2	III	D	3			
KJ189305.1_2000	2III_D.3	D.3	2	III	D	3			
FM210237.2_2003	2III_A.1	A.1	2	III	A	1			
FM210217.1_1999	2III_A.1	A.1	2	III	A	1			
FM210236.2_2004	2III_A.1	A.1	2	III	A	1			
FM210222.1_2004	2III_A.1	A.1	2	III	A	1			
FM210235.2_2005	2III_A.1	A.1	2	III	A	1			
EU482449.1_2006	2III_A.2	A.2	2	III	A	2			
KY670633.1_1995-09	2III_A.2	A.2	2	III	A	2			
FM210202.1_2004	2III_A.2	A.2	2	III	A	2			
FM210204.1_2003	2III_A.2	A.2	2	III	A	2			
FM210227.1_2002	2III_A.2	A.2	2	III	A	2			
FM210241.2_2004	2III_A.2	A.2	2	III	A	2			
MW512447.1_2015	2II_F.1	F.1	2	II	F	1			
OP921000.1_2022-07-29	2II_F.1	F.1	2	II	F	1			
ON634755.1_2022-03-06	2II_F.1	F.1	2	II	F	1			
OP684201.1_2019-08-16	2II_F.1	F.1	2	II	F	1			
OP984834.1_2022-11-20	2II_F.1	F.1	2	II	F	1			
OP921000.1_2022-07-29	2II_F.1.1	F.1.1	2	II	F	1	1		
ON634755.1_2022-03-06	2II_F.1.1	F.1.1	2	II	F	1	1		
OP684201.1_2019-08-16	2II_F.1.1	F.1.1	2	II	F	1	1		
OP684196.1_2019-01-05	2II_F.1.1	F.1.1	2	II	F	1	1		
OP684180.1_2018-07-02	2II_F.1.1	F.1.1	2	II	F	1	1		
OL414749.1_2020-06	2II_F.1.1.1	F.1.1.1	2	II	F	1	1	1	
OL414764.1_2020-08	2II_F.1.1.1	F.1.1.1	2	II	F	1	1	1	
OL414732.1_2020-08	2II_F.1.1.1	F.1.1.1	2	II	F	1	1	1	
OL414755.1_2020-08	2II_F.1.1.1	F.1.1.1	2	II	F	1	1	1	
OL414754.1_2020-08	2II_F.1.1.1	F.1.1.1	2	II	F	1	1	1	
OM744143.1_2021-11-29	2II_F.1.1.2	F.1.1.2	2	II	F	1	1	2	
LC436675.1_2017-12	2II_F.1.1.2	F.1.1.2	2	II	F	1	1	2	
OP941834.1_2022-11-02	2II_F.1.1.2	F.1.1.2	2	II	F	1	1	2	
ON634745.1_2022-03-14	2II_F.1.1.2	F.1.1.2	2	II	F	1	1	2	
ON634755.1_2022-03-06	2II_F.1.1.2	F.1.1.2	2	II	F	1	1	2	
MW512403.1_2013	2II_F.1.2	F.1.2	2	II	F	1	2		
KX380808.1_2012	2II_F.1.2	F.1.2	2	II	F	1	2		
MW512366.1_2011	2II_F.1.2	F.1.2	2	II	F	1	2		
MW512400.1_2013	2II_F.1.2	F.1.2	2	II	F	1	2		
MN018356.1_2014-09-23	2II_F.1.2	F.1.2	2	II	F	1	2		
ON890422.1_2019-09-16	2II_F.2	F.2	2	II	F	2			
OQ028230.1_2020-09-07	2II_F.2	F.2	2	II	F	2			
MW512430.1_2014	2II_F.2	F.2	2	II	F	2			
KX380836.1_2013	2II_F.2	F.2	2	II	F	2			
MN018353.1_2016-06-15	2II_F.2	F.2	2	II	F	2			
MW512377.1_2012	2II_F.2	F.2	2	II	F	2			
MW730819.1_2017-07	2II_F.2.1	F.2.1	2	II	F	2	1		
KU517846.1_2014-05-07	2II_F.2.1	F.2.1	2	II	F	2	1		
MN018353.1_2016-06-15	2II_F.2.1	F.2.1	2	II	F	2	1		
MW512465.1_2016	2II_F.2.1	F.2.1	2	II	F	2	1		
MW730830.1_2017-07	2II_F.2.1	F.2.1	2	II	F	2	1		
KX380810.1_2012	2II_F.2.2	F.2.2	2	II	F	2	2		
KY921904.1_2014-03	2II_F.2.2	F.2.2	2	II	F	2	2		
KX380822.1_2012	2II_F.2.2	F.2.2	2	II	F	2	2		
KX380836.1_2013	2II_F.2.2	F.2.2	2	II	F	2	2		
MW512406.1_2013	2II_F.2.2	F.2.2	2	II	F	2	2		
KM279608.1_2010	2II_E.1	E.1	2	II	E	1			
KR779786.2_2013	2II_E.1	E.1	2	II	E	1			
KY586700.1_2009	2II_E.1	E.1	2	II	E	1			
MW512356.1_2009	2II_E.1	E.1	2	II	E	1			
KX380821.1_2012	2II_E.1	E.1	2	II	E	1			
KC762656.1_2007-12-11	2II_E.2	E.2	2	II	E	2			
KC762655.1_2007-09-27	2II_E.2	E.2	2	II	E	2			
MN018351.1_2015-05-17	2II_E.2	E.2	2	II	E	2			
OP684198.1_2019-01-20	2II_E.2	E.2	2	II	E	2			
KU517845.1_2013-04-23	2II_E.2	E.2	2	II	E	2			
MK564478.1_2016-04-22	2II_D.1	D.1	2	II	D	1			
KP012546.1_2014	2II_D.1	D.1	2	II	D	1			
MZ857214.1_2014	2II_D.1	D.1	2	II	D	1			
MZ857208.1_2013	2II_D.1	D.1	2	II	D	1			
MW512415.1_2014	2II_D.1	D.1	2	II	D	1			
MF043956.1_2016	2II_D.2	D.2	2	II	D	2			
KC762680.1_2010-04-05	2II_D.2	D.2	2	II	D	2			
MK783204.1_2018	2II_D.2	D.2	2	II	D	2			
JX470186.1_2010	2II_D.2	D.2	2	II	D	2			
ON890351.1_2017-08-07	2II_D.2	D.2	2	II	D	2			
KC762675.1_2008-03-08	2II_D.3	D.3	2	II	D	3			
MK564482.1_2017-08-07	2II_D.3	D.3	2	II	D	3			
MN018352.1_2015-09-07	2II_D.3	D.3	2	II	D	3			
KC762673.1_2008-03-11	2II_D.3	D.3	2	II	D	3			
MN018349.1_2015-05-09	2II_D.3	D.3	2	II	D	3			
MK783205.1_2018	2II_C.1	C.1	2	II	C	1			
KU509277.1_2010	2II_C.1	C.1	2	II	C	1			
KU509276.1_2008	2II_C.1	C.1	2	II	C	1			
MW512432.1_2014	2II_C.1	C.1	2	II	C	1			
MT832057.1_2015	2II_C.1	C.1	2	II	C	1			
MW881533.1_2021-02-02	2II_C.1	C.1	2	II	C	1			
MG599592.1_2001	2II_C.2	C.2	2	II	C	2			
KF744398.1_2005	2II_C.2	C.2	2	II	C	2			
MG599631.1_2002	2II_C.2	C.2	2	II	C	2			
MG599628.1_2002	2II_C.2	C.2	2	II	C	2			
MG599621.1_2002	2II_C.2	C.2	2	II	C	2			
MW512410.1_2014	2II_A.1	A.1	2	II	A	1			
OP684211.1_2019-10-19	2II_A.1	A.1	2	II	A	1			
KY937189.1_2015	2II_A.1	A.1	2	II	A	1			
KF041236.1_2008	2II_A.1	A.1	2	II	A	1			
KY937187.1_2015	2II_A.1	A.1	2	II	A	1			
ON123651.1_2020	2II_A.1.1	A.1.1	2	II	A	1	1		
KU509271.1_2006	2II_A.1.1	A.1.1	2	II	A	1	1		
OP684211.1_2019-10-19	2II_A.1.1	A.1.1	2	II	A	1	1		
KY937189.1_2015	2II_A.1.1	A.1.1	2	II	A	1	1		
ON123652.1_2020	2II_A.1.1	A.1.1	2	II	A	1	1		
KY937187.1_2015	2II_A.1.1	A.1.1	2	II	A	1	1		
KJ830750.1_2014-01-13	2II_A.1.2	A.1.2	2	II	A	1	2		
KM217156.1_2011-08	2II_A.1.2	A.1.2	2	II	A	1	2		
GQ252677.1_2004	2II_A.1.2	A.1.2	2	II	A	1	2		
KF360005.1_2010-11-01	2II_A.1.2	A.1.2	2	II	A	1	2		
KJ010186.1_2013-10-02	2II_A.1.2	A.1.2	2	II	A	1	2		
OP310807.1_2019	2II_A.2	A.2	2	II	A	2			
MN577553.1_2017-06	2II_A.2	A.2	2	II	A	2			
MN577554.1_2017-06	2II_A.2	A.2	2	II	A	2			
MK783209.1_2018	2II_A.2	A.2	2	II	A	2			
ON123649.1_2020	2II_A.2	A.2	2	II	A	2			
OP310807.1_2019	2II_A.2.1	A.2.1	2	II	A	2	1		
OP310806.1_2018	2II_A.2.1	A.2.1	2	II	A	2	1		
MG560144.1_2014	2II_A.2.1	A.2.1	2	II	A	2	1		
MK783209.1_2018	2II_A.2.1	A.2.1	2	II	A	2	1		
ON123649.1_2020	2II_A.2.1	A.2.1	2	II	A	2	1		
KY427084.1_2010-09-01	2II_A.2.2	A.2.2	2	II	A	2	2		
MN577553.1_2017-06	2II_A.2.2	A.2.2	2	II	A	2	2		
MN577554.1_2017-06	2II_A.2.2	A.2.2	2	II	A	2	2		
MH822949.1_2014-10-28	2II_A.2.2	A.2.2	2	II	A	2	2		
MN577557.1_2017-07	2II_A.2.2	A.2.2	2	II	A	2	2		
MT006158.1_2018-06-19	3I_A.1	A.1	3	I	A	1			
KY921906.1_2015-06	3I_A.1	A.1	3	I	A	1			
MK894338.1_2018-02-05	3I_A.1	A.1	3	I	A	1			
MF682968.1_2016-09-10	3I_A.1	A.1	3	I	A	1			
OP410996.1_2019-11	3I_A.1	A.1	3	I	A	1			
OQ103317.1_2022-05-20	3I_A.1	A.1	3	I	A	1			
ON116130.1_2021-08	3I_A.2	A.2	3	I	A	2			
MN922035.1_2019-06-23	3I_A.2	A.2	3	I	A	2			
MN018377.1_2015-12-22	3I_A.2	A.2	3	I	A	2			
ON127534.1_2021-08	3I_A.2	A.2	3	I	A	2			
MW396463.1_2019-07-02	3I_A.2	A.2	3	I	A	2			
EU482462.1_2007	3II_A.1	A.1	3	II	A	1			
EU482456.1_2006	3II_A.1	A.1	3	II	A	1			
EU660411.1_2006	3II_A.1	A.1	3	II	A	1			
FJ432741.1_2007	3II_A.1	A.1	3	II	A	1			
EU482452.1_2006	3II_A.1	A.1	3	II	A	1			
JF295012.1_2007	3II_A.2	A.2	3	II	A	2			
KF955506.1_2007	3II_A.2	A.2	3	II	A	2			
HM631854.1_2008	3II_A.2	A.2	3	II	A	2			
FJ639715.1_2008	3II_A.2	A.2	3	II	A	2			
GU131903.1_2008	3II_A.2	A.2	3	II	A	2			
MW946622.1_2006	3II_A.3	A.3	3	II	A	3			
KY586706.1_2006	3II_A.3	A.3	3	II	A	3			
MW946820.1_2003	3II_A.3	A.3	3	II	A	3			
KY586704.1_2008	3II_A.3	A.3	3	II	A	3			
KY586702.1_2008	3II_A.3	A.3	3	II	A	3			
MW946718.1_2001	3II_A.4	A.4	3	II	A	4			
KY586724.1_2000	3II_A.4	A.4	3	II	A	4			
MW946863.1_2003	3II_A.4	A.4	3	II	A	4			
KY586721.1_2000	3II_A.4	A.4	3	II	A	4			
MW946651.1_1997	3II_A.4	A.4	3	II	A	4			
MW946819.1_1999	3II_A.4	A.4	3	II	A	4			
MN448990.1_2011-12-27	3II_A.5	A.5	3	II	A	5			
MN448977.1_2010-05-18	3II_A.5	A.5	3	II	A	5			
MW946926.1_1999	3II_A.5	A.5	3	II	A	5			
MW946934.1_2011	3II_A.5	A.5	3	II	A	5			
KU509280.1_2011	3II_A.5	A.5	3	II	A	5			
KY586777.1_1999	3II_A.5	A.5	3	II	A	5			
EU081214.1_2005	3III_A.1	A.1	3	III	A	1			
EU081217.1_2005	3III_A.1	A.1	3	III	A	1			
EU081210.1_2005	3III_A.1	A.1	3	III	A	1			
EU081225.1_2005	3III_A.1	A.1	3	III	A	1			
KU509283.1_2006	3III_A.1	A.1	3	III	A	1			
KJ830751.1_2014-01-26	3III_A.2	A.2	3	III	A	2			
MH048677.1_2014-12	3III_A.2	A.2	3	III	A	2			
LT996904.1_2007	3III_A.2	A.2	3	III	A	2			
MG721059.2_2016	3III_A.2	A.2	3	III	A	2			
OP410993.1_2008-09	3III_A.2	A.2	3	III	A	2			
FJ547081.1_2001	3III_C.1	C.1	3	III	C	1			
GQ868578.1_2007	3III_C.1	C.1	3	III	C	1			
OQ821502.1_2021-08-12	3III_C.1	C.1	3	III	C	1			
EU596494.1_2007	3III_C.1	C.1	3	III	C	1			
OQ603309.1_2015-09-15	3III_C.1	C.1	3	III	C	1			
OQ603311.1_2015	3III_C.1	C.1	3	III	C	1			
OQ603310.1_2015	3III_C.2	C.2	3	III	C	2			
OK605762.1_2007	3III_C.2	C.2	3	III	C	2			
OM417341.1_2021-09-19	3III_C.2	C.2	3	III	C	2			
OM417340.1_2021-09-21	3III_C.2	C.2	3	III	C	2			
MH888333.1_2011-01-01	3III_C.2	C.2	3	III	C	2			
MZ008476.1_2014	3III_C.2.1	C.2.1	3	III	C	2	1		
MW308181.1_2019-08-22	3III_C.2.1	C.2.1	3	III	C	2	1		
OM417340.1_2021-09-21	3III_C.2.1	C.2.1	3	III	C	2	1		
MZ008474.1_2013	3III_C.2.1	C.2.1	3	III	C	2	1		
MZ008472.1_2013	3III_C.2.1	C.2.1	3	III	C	2	1		
GU131876.1_2007	3III_C.2.2	C.2.2	3	III	C	2	2		
GU131870.1_2007	3III_C.2.2	C.2.2	3	III	C	2	2		
GU131872.1_2007	3III_C.2.2	C.2.2	3	III	C	2	2		
GU131861.1_2007	3III_C.2.2	C.2.2	3	III	C	2	2		
MH888333.1_2011-01-01	3III_C.2.2	C.2.2	3	III	C	2	2		
MN018378.1_2015-09-30	3III_B.1	B.1	3	III	B	1			
JQ922557.1_2005	3III_B.1	B.1	3	III	B	1			
EHIE21409Y22_2022	3III_B.1	B.1	3	III	B	1			
MN018375.1_2015-10-23	3III_B.1	B.1	3	III	B	1			
MG721064.1_2016	3III_B.1	B.1	3	III	B	1			
JQ922556.1_2005	3III_B.1	B.1	3	III	B	1			
MN964273.1_2019-11-09	3III_B.2	B.2	3	III	B	2			
MT261977.1_2017-10-12	3III_B.2	B.2	3	III	B	2			
MW288031.1_2018-11	3III_B.2	B.2	3	III	B	2			
KU509282.1_2009	3III_B.2	B.2	3	III	B	2			
LC379197.1_2017-04-15	3III_B.2	B.2	3	III	B	2			
OQ948474.1_2019-09	3III_B.3	B.3	3	III	B	3			
ON900159.1_2019-06-01	3III_B.3	B.3	3	III	B	3			
ON123655.1_2020	3III_B.3	B.3	3	III	B	3			
OP895705.1_2018	3III_B.3	B.3	3	III	B	3			
OQ721955.1_2022	3III_B.3	B.3	3	III	B	3			
OQ948474.1_2019-09	3III_B.3.1	B.3.1	3	III	B	3	1		
ON900159.1_2019-06-01	3III_B.3.1	B.3.1	3	III	B	3	1		
OQ821611.1_2020-11-07	3III_B.3.1	B.3.1	3	III	B	3	1		
OQ821609.1_2019-11-06	3III_B.3.1	B.3.1	3	III	B	3	1		
ON123658.1_2019	3III_B.3.1	B.3.1	3	III	B	3	1		
OQ857506.1_2022-10-05	3III_B.3.2	B.3.2	3	III	B	3	2		
OQ836209.1_2023-01-24	3III_B.3.2	B.3.2	3	III	B	3	2		
OQ821520.1_2022-08-18	3III_B.3.2	B.3.2	3	III	B	3	2		
OR150747.1_2022-12-23	3III_B.3.2	B.3.2	3	III	B	3	2		
OR150749.1_2023-01-06	3III_B.3.2	B.3.2	3	III	B	3	2		
MW945498.1_2010	4I_A.1	A.1	4	I	A	1			
KY586942.1_2006	4I_A.1	A.1	4	I	A	1			
MN018394.1_2015-10-03	4I_A.1	A.1	4	I	A	1			
MZ976860.1_2020-08-03	4I_A.1	A.1	4	I	A	1			
OQ427048.1_2019-01-15	4I_A.1	A.1	4	I	A	1			
OQ426982.1_2018-12-18	4I_A.1.1	A.1.1	4	I	A	1	1		
MZ976860.1_2020-08-03	4I_A.1.1	A.1.1	4	I	A	1	1		
OQ427061.1_2018-12-24	4I_A.1.1	A.1.1	4	I	A	1	1		
OQ427042.1_2019-01-08	4I_A.1.1	A.1.1	4	I	A	1	1		
OQ427048.1_2019-01-15	4I_A.1.1	A.1.1	4	I	A	1	1		
OQ427041.1_2019-01-07	4I_A.1.2	A.1.2	4	I	A	1	2		
OQ427046.1_2019-01-15	4I_A.1.2	A.1.2	4	I	A	1	2		
OQ427047.1_2019-01-15	4I_A.1.2	A.1.2	4	I	A	1	2		
MN018394.1_2015-10-03	4I_A.1.2	A.1.2	4	I	A	1	2		
OQ427062.1_2018-12-25	4I_A.1.2	A.1.2	4	I	A	1	2		
MW945553.1_2006	4I_A.2	A.2	4	I	A	2			
JN638572.1_2008	4I_A.2	A.2	4	I	A	2			
MN018395.1_2015-10-20	4I_A.2	A.2	4	I	A	2			
MW945653.1_2008	4I_A.2	A.2	4	I	A	2			
MW945533.1_2013	4I_A.2	A.2	4	I	A	2			
MW945648.1_2005	4I_A.3	A.3	4	I	A	3			
MW788999.1_2018-05	4I_A.3	A.3	4	I	A	3			
MN449006.1_2012-07-16	4I_A.3	A.3	4	I	A	3			
MN018397.1_2016-02-01	4I_A.3	A.3	4	I	A	3			
LC410203.1_2017-06	4I_A.3	A.3	4	I	A	3			
OP984198.1_2018	4I_B.1	B.1	4	I	B	1			
KF041260.1_2009	4I_B.1	B.1	4	I	B	1			
MG272272.1_2016	4I_B.1	B.1	4	I	B	1			
MN018398.1_2016-08-16	4I_B.1	B.1	4	I	B	1			
OM639995.1_2021-11-16	4I_B.1	B.1	4	I	B	1			
KX059029.1_2012-08	4I_B.2	B.2	4	I	B	2			
MK858146.2_2016-07-03	4I_B.2	B.2	4	I	B	2			
KU509287.1_2009	4I_B.2	B.2	4	I	B	2			
KX059015.1_2012-07	4I_B.2	B.2	4	I	B	2			
KX845005.1_2015	4I_B.2	B.2	4	I	B	2			
OQ821649.1_2016-03-21	4II_A.1	A.1	4	II	A	1			
OP411002.1_2019-07	4II_A.1	A.1	4	II	A	1			
OP600478.1_2020-08	4II_A.1	A.1	4	II	A	1			
OL314741.1_2019-06-20	4II_A.1	A.1	4	II	A	1			
OP600512.1_2022-07	4II_A.1	A.1	4	II	A	1			
KC762699.1_2008-03-28	4II_A.2	A.2	4	II	A	2			
JF741967.1_2010-09-26	4II_A.2	A.2	4	II	A	2			
KC762698.1_2008-04-30	4II_A.2	A.2	4	II	A	2			
KP723482.1_2010	4II_A.2	A.2	4	II	A	2			
KC762696.1_2007-08-13	4II_A.2	A.2	4	II	A	2			
OR389007.1_2000	1V_H	H	1	V	H				
FJ850073.1_2001	1V_H	H	1	V	H				
KF672764.1_2001	1V_H	H	1	V	H				
JX669469.1_1997	1V_H	H	1	V	H				
OK605754.1_1997	1V_H	H	1	V	H				
AB519681.1_2001	1V_H	H	1	V	H				
EU482567.1_1998	1V_J	J	1	V	J				
FJ205875.1_1995	1V_J	J	1	V	J				
KF955437.1_1998	1V_J	J	1	V	J				
FJ410184.1_1993	1V_J	J	1	V	J				
FJ390380.1_1998	1V_J	J	1	V	J				
FJ850085.1_2005	2III_E	E	2	III	E				
EU482545.1_1998	2III_E	E	2	III	E				
EU920840.1_2005-10	2III_E	E	2	III	E				
EU920835.1_2002-04	2III_E	E	2	III	E				
FJ850088.1_2006	2III_E	E	2	III	E				
PP269752.1_2016-12-21	1I_E.4	E.4	1	I	E	4			
MW265665.1_2016-08-07	1I_E.4	E.4	1	I	E	4			
PP269634.1_2015-10-12	1I_E.4	E.4	1	I	E	4			
PP269735.1_2015-12-22	1I_E.4	E.4	1	I	E	4			
MW265666.1_2016-08-22	1I_E.4	E.4	1	I	E	4			
OQ567790.1_2016-01-24	1V_E.4	E.4	1	V	E	4			
OQ567778.1_2015-05-13	1V_E.4	E.4	1	V	E	4			
OQ567786.1_2016-01-29	1V_E.4	E.4	1	V	E	4			
OQ567781.1_2015-12-18	1V_E.4	E.4	1	V	E	4			
OQ567798.1_2017-04-26	1V_E.4	E.4	1	V	E	4			
OP898557.1_2022-04	1III_A.1	A.1	1	III	A	1			
OR936768.1_2023-09-12	1III_A.1	A.1	1	III	A	1			
OR936761.1_2023-09-13	1III_A.1	A.1	1	III	A	1			
OR936764.1_2023-09-12	1III_A.1	A.1	1	III	A	1			
OR936755.1_2023-09-04	1III_A.1	A.1	1	III	A	1			
ON123661.1_2018	1III_A.4	A.4	1	III	A	4			
PP234949.1_2019-07-01	1III_A.4	A.4	1	III	A	4			
OR394051.1_2020-01-06	1III_A.4	A.4	1	III	A	4			
OR394016.1_2019-10-30	1III_A.4	A.4	1	III	A	4			
ON680908.1_2020-08-24	1III_A.4	A.4	1	III	A	4			
MF033212.1_2013-12	1III_A.3	A.3	1	III	A	3			
ON123656.1_2019	1III_A.3	A.3	1	III	A	3			
ON109597.1_2021	1III_A.3	A.3	1	III	A	3			
MH891771.1_2017-10-22	1III_A.3	A.3	1	III	A	3			
MK588397.1_2017-04-22	1III_A.3	A.3	1	III	A	3			
ON123650.1_2020	1III_A.3	A.3	1	III	A	3			
OR235532.1_2022-04	1III_A.2	A.2	1	III	A	2			
OR235645.1_2021-06	1III_A.2	A.2	1	III	A	2			
OR259175.1_2021-09	1III_A.2	A.2	1	III	A	2			
OR259174.1_2021-07	1III_A.2	A.2	1	III	A	2			
OR235733.1_2019-12	1III_A.2	A.2	1	III	A	2			
PP564661.1_2023-10-30	2II_F.1.1.3	F.1.1.3	2	II	F	1	1	3	
PP564586.1_2023-10-01	2II_F.1.1.3	F.1.1.3	2	II	F	1	1	3	
OR448787.1_2023-06	2II_F.1.1.3	F.1.1.3	2	II	F	1	1	3	
PP564601.1_2023-10-02	2II_F.1.1.3	F.1.1.3	2	II	F	1	1	3	
OR821724.1_2022-09	2II_F.1.1.3	F.1.1.3	2	II	F	1	1	3	
PP411252.1_2022-06-20	2II_F.1.1.4	F.1.1.4	2	II	F	1	1	4	
PP446693.1_2022-10-06	2II_F.1.1.4	F.1.1.4	2	II	F	1	1	4	
PP411257.1_2022-07-05	2II_F.1.1.4	F.1.1.4	2	II	F	1	1	4	
PP446692.1_2022-09-05	2II_F.1.1.4	F.1.1.4	2	II	F	1	1	4	
PP411235.1_2022-06-07	2II_F.1.1.4	F.1.1.4	2	II	F	1	1	4	
PP326753.1_2023-05-11	2II_F.1.1.5	F.1.1.5	2	II	F	1	1	5	
PP326828.1_2023-12-13	2II_F.1.1.5	F.1.1.5	2	II	F	1	1	5	
OR771147.1_2023-07-20	2II_F.1.1.5	F.1.1.5	2	II	F	1	1	5	
OQ851873.1_2022-10-21	2II_F.1.1.5	F.1.1.5	2	II	F	1	1	5	
PP082846.1_2023-09	2II_F.1.1.5	F.1.1.5	2	II	F	1	1	5	
PP082862.1_2023-04	2II_F.1.1.6	F.1.1.6	2	II	F	1	1	6	
PP082833.1_2023-12	2II_F.1.1.6	F.1.1.6	2	II	F	1	1	6	
PP082853.1_2023-07	2II_F.1.1.6	F.1.1.6	2	II	F	1	1	6	
PP082854.1_2023-07	2II_F.1.1.6	F.1.1.6	2	II	F	1	1	6	
PP082832.1_2023-12	2II_F.1.1.6	F.1.1.6	2	II	F	1	1	6	
PP269908.1_2022-10-11	2II_F.1.3	F.1.3	2	II	F	1	3		
MK411559.1_2016-02-23	2II_F.1.3	F.1.3	2	II	F	1	3		
EPI_ISL_17831898_2023-05-09	2II_F.1.3	F.1.3	2	II	F	1	3		
MW512463.1_2016	2II_F.1.3	F.1.3	2	II	F	1	3		
MK564476.1_2017-08-08	2II_F.1.3	F.1.3	2	II	F	1	3		
KT187557.1_2014	2II_D.1.1	D.1.1	2	II	D	1	1		
MW721466.1_2014-10	2II_D.1.1	D.1.1	2	II	D	1	1		
KX225485.1_2015	2II_D.1.1	D.1.1	2	II	D	1	1		
MW721468.1_2014-10	2II_D.1.1	D.1.1	2	II	D	1	1		
KP012546.1_2014	2II_D.1.1	D.1.1	2	II	D	1	1		
KT187553.1_2014	2II_D.1.1	D.1.1	2	II	D	1	1		
OR236087.1_2014-05	2II_D.1.2	D.1.2	2	II	D	1	2		
OR236115.1_2014-12	2II_D.1.2	D.1.2	2	II	D	1	2		
KX655788.1_2015	2II_D.1.2	D.1.2	2	II	D	1	2		
MZ857214.1_2014	2II_D.1.2	D.1.2	2	II	D	1	2		
OR236114.1_2014-03	2II_D.1.2	D.1.2	2	II	D	1	2		
OR236116.1_2014-05	2II_D.1.2	D.1.2	2	II	D	1	2		
OP684207.1_2019-10-13	2II_A.1.1.1	A.1.1.1	2	II	A	1	1	1	
ON123651.1_2020	2II_A.1.1.1	A.1.1.1	2	II	A	1	1	1	
KY937189.1_2015	2II_A.1.1.1	A.1.1.1	2	II	A	1	1	1	
OP684211.1_2019-10-19	2II_A.1.1.1	A.1.1.1	2	II	A	1	1	1	
KY937187.1_2015	2II_A.1.1.1	A.1.1.1	2	II	A	1	1	1	
MH891768.1_2016-10-26	2II_A.1.1.2	A.1.1.2	2	II	A	1	1	2	
MH822940.1_2014	2II_A.1.1.2	A.1.1.2	2	II	A	1	1	2	
MW512412.1_2014	2II_A.1.1.2	A.1.1.2	2	II	A	1	1	2	
OR236112.1_2016-05	2II_A.1.1.2	A.1.1.2	2	II	A	1	1	2	
OR236111.1_2016-05	2II_A.1.1.2	A.1.1.2	2	II	A	1	1	2	
MN083246.1_2017-11	3I_A.1.1	A.1.1	3	I	A	1	1		
OR393976.1_2019-07-22	3I_A.1.1	A.1.1	3	I	A	1	1		
MT006158.1_2018-06-19	3I_A.1.1	A.1.1	3	I	A	1	1		
OR394026.1_2019-11-22	3I_A.1.1	A.1.1	3	I	A	1	1		
OR394032.1_2019-11-29	3I_A.1.1	A.1.1	3	I	A	1	1		
OR393978.1_2019-08-05	3I_A.1.1	A.1.1	3	I	A	1	1		
MF682966.1_2016-09-07	3I_A.1.2	A.1.2	3	I	A	1	2		
MF682970.1_2016-09-15	3I_A.1.2	A.1.2	3	I	A	1	2		
MF682968.1_2016-09-10	3I_A.1.2	A.1.2	3	I	A	1	2		
MW295815.1_2020-09-07	3I_A.1.2	A.1.2	3	I	A	1	2		
MW788901.1_2018-08	3I_A.1.2	A.1.2	3	I	A	1	2		
PP530047.1_2014-07	4II_B.1.1	B.1.1	4	II	B	1	1		
PP530058.1_2015-05-12	4II_B.1.1	B.1.1	4	II	B	1	1		
OQ567848.1_2016-03-07	4II_B.1.1	B.1.1	4	II	B	1	1		
OQ567863.1_2020-01-13	4II_B.1.1	B.1.1	4	II	B	1	1		
PP530050.1_2015-11-15	4II_B.1.1	B.1.1	4	II	B	1	1		
JN559741.2_2010-07-21	4II_B.1.1	B.1.1	4	II	B	1	1		
OQ445966.1_2022-10-26	4II_B.1	B.1	4	II	B	1			
KY474335.1_2014	4II_B.1	B.1	4	II	B	1			
PP530058.1_2015-05-12	4II_B.1	B.1	4	II	B	1			
OQ567863.1_2020-01-13	4II_B.1	B.1	4	II	B	1			
FJ850095.1_2000	4II_B.1	B.1	4	II	B	1			
OQ603316.1_2013-09-18	4II_B.1	B.1	4	II	B	1			
OR654276.1_2023-05-31	4II_B.1.2	B.1.2	4	II	B	1	2		
OQ445966.1_2022-10-26	4II_B.1.2	B.1.2	4	II	B	1	2		
OQ445963.1_2022-08-10	4II_B.1.2	B.1.2	4	II	B	1	2		
OR977094.1_2023-11-10	4II_B.1.2	B.1.2	4	II	B	1	2		
OR162320.1_2022-11-15	4II_B.1.2	B.1.2	4	II	B	1	2		
PP692469.1_2023-12-23	4II_B.2	B.2	4	II	B	2			
OM417339.1_2011-10-10	4II_B.2	B.2	4	II	B	2			
OR821957.1_2023-10-12	4II_B.2	B.2	4	II	B	2			
OM417338.1_2010-10-27	4II_B.2	B.2	4	II	B	2			
OQ445967.1_2022-11-03	4II_B.2	B.2	4	II	B	2			
FJ410230.1_2008	1I_E.4_outgroup	E.4	1	I	E	4			outgroup
MW946053.1_2010	1V_E.4_outgroup	E.4	1	V	E	4			outgroup
OR389273.1_1986	1V_H_outgroup	H	1	V	H				outgroup
OA04_1981	1V_J_outgroup	J	1	V	J				outgroup
LC436668.1_2017-11	1III_A.1_outgroup	A.1	1	III	A	1			outgroup
MH822959.2_2012	1III_A.4_outgroup	A.4	1	III	A	4			outgroup
JF960211.2_2009	1III_A.3_outgroup	A.3	1	III	A	3			outgroup
MK858117.2_2016-08-26	1III_A.2_outgroup	A.2	1	III	A	2			outgroup
GQ868603.1_1987	2III_E_outgroup	E	2	III	E				outgroup
PP757868.1_2023-08-30	2II_F.1.1.3_outgroup	F.1.1.3	2	II	F	1	1	3	outgroup
MN923109.1_2019-07-08	2II_F.1.1.4_outgroup	F.1.1.4	2	II	F	1	1	4	outgroup
OM730078.1_2021-11-16	2II_F.1.1.5_outgroup	F.1.1.5	2	II	F	1	1	5	outgroup
PP757871.1_2022-06-18	2II_F.1.1.6_outgroup	F.1.1.6	2	II	F	1	1	6	outgroup
MW512447.1_2015	2II_F.1.3_outgroup	F.1.3	2	II	F	1	3		outgroup
MK564478.1_2016-04-22	2II_D.1.1_outgroup	D.1.1	2	II	D	1	1		outgroup
MW512415.1_2014	2II_D.1.2_outgroup	D.1.2	2	II	D	1	2		outgroup
JQ955624.1_2011	2II_A.1.1.1_outgroup	A.1.1.1	2	II	A	1	1	1	outgroup
MZ857221.1_2017	2II_A.1.1.2_outgroup	A.1.1.2	2	II	A	1	1	2	outgroup
MH823209.1_2016	3I_A.1.1_outgroup	A.1.1	3	I	A	1	1		outgroup
OR236121.1_2016-02	3I_A.1.2_outgroup	A.1.2	3	I	A	1	2		outgroup
JN819409.1_1998	4II_B.1_outgroup	B.1	4	II	B	1			outgroup
HQ332176.1_2007	4II_B.1.1_outgroup	B.1.1	4	II	B	1	1		outgroup
HQ332174.1_2007	4II_B.1.2_outgroup	B.1.2	4	II	B	1	2		outgroup
OR389346.1_1987	4II_B.2_outgroup	B.2	4	II	B	2			outgroup